time,Input_12,Input_10,Input_8,Output_12,Output_10,Output_8
0,1.51e-5,1.52e-5,1.53e-5,0.0041,0.00105,0.0
1,1.53e-5,1.54e-5,1.55e-5,0.004175,0.001275,0.000565
2,1.56e-5,1.56e-5,1.57e-5,0.00425,0.0015,0.00113
3,1.59e-5,1.59e-5,1.58e-5,0.004095,0.0015,0.001375
4,1.62e-5,1.61e-5,1.6e-5,0.00394,0.0015,0.00162
5,1.65e-5,1.64e-5,1.62e-5,0.0038599999999999997,0.001275,0.00162
6,1.68e-5,1.66e-5,1.64e-5,0.00378,0.00105,0.00162
7,1.72e-5,1.69e-5,1.67e-5,0.0036249999999999998,0.001275,0.00162
8,1.75e-5,1.72e-5,1.69e-5,0.00347,0.0015,0.00162
9,1.79e-5,1.75e-5,1.71e-5,0.003545,0.0015,0.0018599999999999999
10,1.83e-5,1.78e-5,1.74e-5,0.00362,0.0015,0.0021
11,1.87e-5,1.81e-5,1.76e-5,0.0037,0.001725,0.0018599999999999999
12,1.92e-5,1.85e-5,1.78e-5,0.00378,0.00195,0.00162
13,1.96e-5,1.88e-5,1.81e-5,0.00378,0.00195,0.001375
14,2.01e-5,1.92e-5,1.84e-5,0.00378,0.00195,0.00113
15,2.06e-5,1.96e-5,1.87e-5,0.0038599999999999997,0.0015,0.001375
16,2.11e-5,2.0e-5,1.89e-5,0.00394,0.00105,0.00162
17,2.17e-5,2.04e-5,1.92e-5,0.00331,0.00105,0.001375
18,2.23e-5,2.08e-5,1.95e-5,0.00268,0.00105,0.00113
19,2.29e-5,2.13e-5,1.99e-5,0.0029950000000000003,0.00105,0.00113
20,2.36e-5,2.18e-5,2.02e-5,0.00331,0.00105,0.00113
21,2.42e-5,2.23e-5,2.05e-5,0.003465,0.001275,0.001375
22,2.5e-5,2.28e-5,2.09e-5,0.00362,0.0015,0.00162
23,2.57e-5,2.33e-5,2.12e-5,0.003385,0.001275,0.00162
24,2.65e-5,2.39e-5,2.16e-5,0.00315,0.00105,0.00162
25,2.73e-5,2.44e-5,2.2e-5,0.00331,0.001275,0.001375
26,2.82e-5,2.51e-5,2.24e-5,0.00347,0.0015,0.00113
27,2.91e-5,2.57e-5,2.28e-5,0.0032300000000000002,0.0015,0.00113
28,3.01e-5,2.63e-5,2.32e-5,0.00299,0.0015,0.00113
29,3.11e-5,2.7e-5,2.37e-5,0.00299,0.0015,0.001375
30,3.22e-5,2.77e-5,2.41e-5,0.00299,0.0015,0.00162
31,3.33e-5,2.85e-5,2.46e-5,0.00315,0.0015,0.00162
32,3.44e-5,2.92e-5,2.51e-5,0.00331,0.0015,0.00162
33,3.57e-5,3.01e-5,2.56e-5,0.0032300000000000002,0.001275,0.00162
34,3.7e-5,3.09e-5,2.61e-5,0.00315,0.00105,0.00162
35,3.83e-5,3.18e-5,2.67e-5,0.00315,0.001275,0.0018599999999999999
36,3.98e-5,3.27e-5,2.72e-5,0.00315,0.0015,0.0021
37,4.13e-5,3.36e-5,2.78e-5,0.0029950000000000003,0.0015,0.0018599999999999999
38,4.28e-5,3.46e-5,2.84e-5,0.00284,0.0015,0.00162
39,4.45e-5,3.56e-5,2.9e-5,0.0029950000000000003,0.0015,0.001375
40,4.62e-5,3.67e-5,2.96e-5,0.00315,0.0015,0.00113
41,4.8e-5,3.78e-5,3.03e-5,0.002915,0.001275,0.001375
42,4.99e-5,3.9e-5,3.09e-5,0.00268,0.00105,0.00162
43,5.2e-5,4.02e-5,3.16e-5,0.00268,0.001275,0.00162
44,5.41e-5,4.15e-5,3.24e-5,0.00268,0.0015,0.00162
45,5.63e-5,4.28e-5,3.31e-5,0.0027600000000000003,0.0015,0.00162
46,5.86e-5,4.42e-5,3.39e-5,0.00284,0.0015,0.00162
47,6.11e-5,4.56e-5,3.47e-5,0.00284,0.001275,0.0018599999999999999
48,6.36e-5,4.71e-5,3.55e-5,0.00284,0.00105,0.0021
49,6.63e-5,4.86e-5,3.63e-5,0.00284,0.001275,0.0018599999999999999
50,6.92e-5,5.02e-5,3.72e-5,0.00284,0.0015,0.00162
51,7.21e-5,5.19e-5,3.81e-5,0.00284,0.001275,0.001375
52,7.53e-5,5.37e-5,3.91e-5,0.00284,0.00105,0.00113
53,7.85e-5,5.55e-5,4.0e-5,0.00284,0.00105,0.001375
54,8.2e-5,5.74e-5,4.1e-5,0.00284,0.00105,0.00162
55,8.56e-5,5.94e-5,4.2e-5,0.00268,0.001275,0.00162
56,8.94e-5,6.15e-5,4.31e-5,0.00252,0.0015,0.00162
57,9.34e-5,6.36e-5,4.42e-5,0.00268,0.0015,0.00162
58,9.76e-5,6.59e-5,4.54e-5,0.00284,0.0015,0.00162
59,0.000102,6.82e-5,4.65e-5,0.00284,0.0015,0.00162
60,0.000107,7.06e-5,4.77e-5,0.00284,0.0015,0.00162
61,0.000112,7.32e-5,4.9e-5,0.00268,0.001275,0.00162
62,0.000117,7.58e-5,5.03e-5,0.00252,0.00105,0.00162
63,0.000122,7.86e-5,5.16e-5,0.0026,0.00105,0.00162
64,0.000128,8.14e-5,5.3e-5,0.00268,0.00105,0.00162
65,0.000134,8.44e-5,5.45e-5,0.0026,0.00105,0.0018599999999999999
66,0.00014,8.75e-5,5.59e-5,0.00252,0.00105,0.0021
67,0.000146,9.08e-5,5.75e-5,0.0026,0.001275,0.0018599999999999999
68,0.000153,9.41e-5,5.9e-5,0.00268,0.0015,0.00162
69,0.00016,9.77e-5,6.07e-5,0.00268,0.0015,0.00162
70,0.000168,0.000101,6.24e-5,0.00268,0.0015,0.00162
71,0.000176,0.000105,6.41e-5,0.00252,0.0015,0.00162
72,0.000184,0.000109,6.59e-5,0.00236,0.0015,0.00162
73,0.000193,0.000113,6.78e-5,0.00252,0.001275,0.0018599999999999999
74,0.000202,0.000118,6.97e-5,0.00268,0.00105,0.0021
75,0.000212,0.000122,7.17e-5,0.0026,0.001275,0.0018599999999999999
76,0.000222,0.000127,7.37e-5,0.00252,0.0015,0.00162
77,0.000233,0.000132,7.58e-5,0.0026,0.0015,0.001375
78,0.000244,0.000137,7.8e-5,0.00268,0.0015,0.00113
79,0.000256,0.000142,8.03e-5,0.002365,0.001275,0.001615
80,0.000268,0.000148,8.26e-5,0.00205,0.00105,0.0021
81,0.000281,0.000153,8.5e-5,0.0026,0.001275,0.001615
82,0.000295,0.000159,8.75e-5,0.00315,0.0015,0.00113
83,0.000309,0.000166,9.01e-5,0.002835,0.0015,0.001375
84,0.000324,0.000172,9.28e-5,0.00252,0.0015,0.00162
85,0.00034,0.000179,9.55e-5,0.0024400000000000003,0.001725,0.00162
86,0.000356,0.000186,9.84e-5,0.00236,0.00195,0.00162
87,0.000374,0.000193,0.000101,0.002285,0.00195,0.001375
88,0.000392,0.000201,0.000104,0.00221,0.00195,0.00113
89,0.000411,0.000209,0.000107,0.00221,0.0015,0.001375
90,0.000431,0.000217,0.000111,0.00221,0.00105,0.00162
91,0.000453,0.000226,0.000114,0.00205,0.00105,0.0018599999999999999
92,0.000475,0.000235,0.000118,0.00189,0.00105,0.0021
93,0.000498,0.000244,0.000121,0.00197,0.00105,0.0018599999999999999
94,0.000523,0.000254,0.000125,0.00205,0.00105,0.00162
95,0.000549,0.000264,0.000129,0.0018900000000000002,0.001275,0.00162
96,0.000576,0.000275,0.000133,0.00173,0.0015,0.00162
97,0.000604,0.000286,0.000137,0.002285,0.001275,0.00162
98,0.000634,0.000298,0.000141,0.00284,0.00105,0.00162
99,0.000666,0.00031,0.000145,0.00221,0.001275,0.00162
100,0.000698,0.000322,0.00015,0.00158,0.0015,0.00162
101,0.000733,0.000335,0.000154,0.00197,0.0015,0.0018599999999999999
102,0.000769,0.000349,0.000159,0.00236,0.0015,0.0021
103,0.000808,0.000363,0.000164,0.00252,0.0015,0.0018599999999999999
104,0.000848,0.000378,0.000169,0.00268,0.0015,0.00162
105,0.00089,0.000393,0.000175,0.0026,0.0015,0.00162
106,0.000934,0.000409,0.00018,0.00252,0.0015,0.00162
107,0.000981,0.000426,0.000186,0.00205,0.001275,0.0018599999999999999
108,0.001029,0.000443,0.000192,0.00158,0.00105,0.0021
109,0.001081,0.000461,0.000198,0.00197,0.001275,0.0021
110,0.001134,0.00048,0.000204,0.00236,0.0015,0.0021
111,0.001191,0.0005,0.00021,0.002045,0.0015,0.001615
112,0.00125,0.00052,0.000217,0.00173,0.0015,0.00113
113,0.001313,0.000542,0.000224,0.00173,0.0015,0.001375
114,0.001378,0.000564,0.000231,0.00173,0.0015,0.00162
115,0.001447,0.000587,0.000238,0.00181,0.001275,0.0018599999999999999
116,0.001519,0.000611,0.000246,0.00189,0.00105,0.0021
117,0.001595,0.000636,0.000254,0.001735,0.001275,0.0018599999999999999
118,0.001674,0.000662,0.000262,0.00158,0.0015,0.00162
119,0.001758,0.00069,0.00027,0.001655,0.0015,0.00162
120,0.001846,0.000718,0.000279,0.00173,0.0015,0.00162
121,0.001938,0.000748,0.000288,0.00181,0.001275,0.001375
122,0.002035,0.000778,0.000297,0.00189,0.00105,0.00113
123,0.002137,0.00081,0.000306,0.001655,0.001275,0.001615
124,0.002243,0.000844,0.000316,0.00142,0.0015,0.0021
125,0.002355,0.000879,0.000327,0.001575,0.001275,0.0018599999999999999
126,0.002473,0.000915,0.000337,0.00173,0.00105,0.00162
127,0.002597,0.000953,0.000348,0.001575,0.00105,0.00162
128,0.002727,0.000992,0.000359,0.00142,0.00105,0.00162
129,0.002863,0.001033,0.000371,0.001575,0.001275,0.001375
130,0.003006,0.001076,0.000383,0.00173,0.0015,0.00113
131,0.003156,0.001121,0.000395,0.002045,0.0015,0.001615
132,0.003314,0.001167,0.000408,0.00236,0.0015,0.0021
133,0.00348,0.001215,0.000421,0.002045,0.0015,0.0018599999999999999
134,0.003654,0.001266,0.000435,0.00173,0.0015,0.00162
135,0.003836,0.001318,0.000449,0.001575,0.001275,0.00162
136,0.004028,0.001373,0.000464,0.00142,0.00105,0.00162
137,0.004229,0.00143,0.000479,0.00142,0.00105,0.0018599999999999999
138,0.004441,0.001489,0.000494,0.00142,0.00105,0.0021
139,0.004663,0.001551,0.00051,0.00134,0.00105,0.0021
140,0.004896,0.001615,0.000527,0.00126,0.00105,0.0021
141,0.00514,0.001682,0.000544,0.00118,0.001275,0.001615
142,0.005397,0.001752,0.000562,0.0011,0.0015,0.00113
143,0.005667,0.001825,0.00058,0.0011,0.0015,0.001375
144,0.005949,0.0019,0.000599,0.0011,0.0015,0.00162
145,0.006246,0.001979,0.000619,0.00134,0.0015,0.001375
146,0.006558,0.002062,0.000639,0.00158,0.0015,0.00113
147,0.006885,0.002147,0.00066,0.00158,0.001275,0.00113
148,0.007229,0.002236,0.000682,0.00158,0.00105,0.00113
149,0.007589,0.002329,0.000704,0.0015,0.001275,0.001375
150,0.007968,0.002426,0.000727,0.00142,0.0015,0.00162
151,0.008365,0.002527,0.000751,0.00142,0.001275,0.00162
152,0.008781,0.002632,0.000775,0.00142,0.00105,0.00162
153,0.009218,0.002741,0.000801,0.0018150000000000002,0.00105,0.00162
154,0.009677,0.002855,0.000827,0.00221,0.00105,0.00162
155,0.010159,0.002974,0.000854,0.00205,0.00105,0.0018599999999999999
156,0.010664,0.003097,0.000882,0.00189,0.00105,0.0021
157,0.011194,0.003226,0.000911,0.001495,0.00105,0.0018599999999999999
158,0.01175,0.00336,0.000941,0.0011,0.00105,0.00162
159,0.012333,0.0035,0.000972,0.0011,0.00105,0.001375
160,0.012945,0.003645,0.001004,0.0011,0.00105,0.00113
161,0.013587,0.003796,0.001037,0.0011,0.001275,0.001375
162,0.014261,0.003954,0.001071,0.0011,0.0015,0.00162
163,0.014967,0.004118,0.001107,0.0011,0.0015,0.0018599999999999999
164,0.015707,0.004289,0.001143,0.0011,0.0015,0.0021
165,0.016484,0.004468,0.001181,0.00126,0.0015,0.0021
166,0.017298,0.004653,0.00122,0.00142,0.0015,0.0021
167,0.018152,0.004846,0.00126,0.00126,0.001275,0.0018599999999999999
168,0.019048,0.005048,0.001301,0.0011,0.00105,0.00162
169,0.019986,0.005257,0.001344,0.00118,0.001275,0.00162
170,0.02097,0.005475,0.001389,0.00126,0.0015,0.00162
171,0.022001,0.005703,0.001434,0.001495,0.001275,0.00162
172,0.023081,0.005939,0.001482,0.00173,0.00105,0.00162
173,0.024214,0.006186,0.00153,0.001415,0.001275,0.0018599999999999999
174,0.0254,0.006442,0.001581,0.0011,0.0015,0.0021
175,0.026643,0.00671,0.001633,0.00134,0.0015,0.0018599999999999999
176,0.027945,0.006988,0.001687,0.00158,0.0015,0.00162
177,0.029309,0.007277,0.001743,0.00158,0.001275,0.001375
178,0.030737,0.007579,0.0018,0.00158,0.00105,0.00113
179,0.032233,0.007893,0.00186,0.0015,0.00105,0.001615
180,0.033799,0.00822,0.001921,0.00142,0.00105,0.0021
181,0.035437,0.00856,0.001985,0.00142,0.00105,0.0018599999999999999
182,0.037153,0.008915,0.00205,0.00142,0.00105,0.00162
183,0.038948,0.009284,0.002118,0.0018150000000000002,0.00105,0.002185
184,0.040825,0.009668,0.002188,0.00221,0.00105,0.00275
185,0.04279,0.010068,0.00226,0.00205,0.001275,0.002185
186,0.044844,0.010484,0.002335,0.00189,0.0015,0.00162
187,0.046992,0.010917,0.002412,0.001495,0.0015,0.00162
188,0.049238,0.011368,0.002492,0.0011,0.0015,0.00162
189,0.051585,0.011837,0.002574,0.0011,0.0015,0.0018599999999999999
190,0.054037,0.012326,0.002659,0.0011,0.0015,0.0021
191,0.056599,0.012834,0.002747,0.0011,0.001275,0.0018599999999999999
192,0.059275,0.013363,0.002838,0.0011,0.00105,0.00162
193,0.062068,0.013914,0.002931,0.0011,0.001275,0.0018599999999999999
194,0.064985,0.014486,0.003028,0.0011,0.0015,0.0021
195,0.068027,0.015083,0.003128,0.00126,0.001275,0.0021
196,0.071202,0.015703,0.003232,0.00142,0.00105,0.0021
197,0.074512,0.016348,0.003338,0.00126,0.00105,0.002425
198,0.077963,0.01702,0.003449,0.0011,0.00105,0.00275
199,0.08156,0.017718,0.003563,0.00118,0.00105,0.00275
200,0.085307,0.018445,0.00368,0.00126,0.00105,0.00275
201,0.089209,0.019201,0.003802,0.00118,0.00105,0.002185
202,0.093271,0.019987,0.003928,0.0011,0.00105,0.00162
203,0.097497,0.020805,0.004057,0.00134,0.001275,0.00162
204,0.101894,0.021656,0.004192,0.00158,0.0015,0.00162
205,0.106464,0.02254,0.00433,0.00158,0.0015,0.0018599999999999999
206,0.111214,0.02346,0.004473,0.00158,0.0015,0.0021
207,0.116147,0.024416,0.004621,0.0015,0.0015,0.002425
208,0.121269,0.025411,0.004773,0.00142,0.0015,0.00275
209,0.126584,0.026444,0.004931,0.00142,0.001275,0.002185
210,0.132096,0.027519,0.005094,0.00142,0.00105,0.00162
211,0.137809,0.028636,0.005262,0.0018150000000000002,0.00105,0.00162
212,0.143727,0.029797,0.005436,0.00221,0.00105,0.00162
213,0.149854,0.031003,0.005615,0.00205,0.001275,0.002185
214,0.156194,0.032257,0.005801,0.00189,0.0015,0.00275
215,0.16275,0.03356,0.005992,0.001495,0.0015,0.002185
216,0.169524,0.034913,0.00619,0.0011,0.0015,0.00162
217,0.176519,0.036319,0.006394,0.0011,0.0015,0.00162
218,0.183738,0.037779,0.006605,0.0011,0.0015,0.00162
219,0.191181,0.039295,0.006823,0.00134,0.001275,0.0018599999999999999
220,0.198851,0.04087,0.007048,0.00158,0.00105,0.0021
221,0.206748,0.042505,0.00728,0.00158,0.001275,0.0018599999999999999
222,0.214873,0.044202,0.00752,0.00158,0.0015,0.00162
223,0.223225,0.045964,0.007768,0.0015,0.001275,0.0018599999999999999
224,0.231803,0.047792,0.008024,0.00142,0.00105,0.0021
225,0.240606,0.049689,0.008288,0.00142,0.00105,0.0021
226,0.249632,0.051657,0.008561,0.00142,0.00105,0.0021
227,0.258879,0.053699,0.008843,0.0018150000000000002,0.001275,0.0018599999999999999
228,0.268342,0.055817,0.009134,0.00221,0.0015,0.00162
229,0.278018,0.058013,0.009435,0.00205,0.001725,0.0018599999999999999
230,0.287902,0.06029,0.009745,0.00189,0.00195,0.0021
231,0.297988,0.06265,0.010065,0.001495,0.0015,0.0018599999999999999
232,0.30827,0.065096,0.010396,0.0011,0.00105,0.00162
233,0.318742,0.067631,0.010738,0.0011,0.001275,0.001375
234,0.329395,0.070256,0.011091,0.0011,0.0015,0.00113
235,0.340222,0.072976,0.011455,0.0011,0.001275,0.001375
236,0.351212,0.075792,0.011831,0.0011,0.00105,0.00162
237,0.362356,0.078707,0.01222,0.00134,0.00105,0.00162
238,0.373645,0.081724,0.012621,0.00158,0.00105,0.00162
239,0.385066,0.084846,0.013034,0.00158,0.00105,0.00162
240,0.396608,0.088076,0.013462,0.00158,0.00105,0.00162
241,0.408259,0.091416,0.013903,0.0015,0.001275,0.002185
242,0.420007,0.094869,0.014358,0.00142,0.0015,0.00275
243,0.431837,0.098438,0.014828,0.00142,0.0015,0.002425
244,0.443737,0.102127,0.015313,0.00142,0.0015,0.0021
245,0.455693,0.105936,0.015814,0.0018150000000000002,0.0015,0.002425
246,0.467691,0.10987,0.016331,0.00221,0.0015,0.00275
247,0.479716,0.113932,0.016865,0.00205,0.001275,0.002185
248,0.491753,0.118122,0.017415,0.00189,0.00105,0.00162
249,0.50379,0.122446,0.017984,0.001495,0.00105,0.0018599999999999999
250,0.51581,0.126904,0.01857,0.0011,0.00105,0.0021
251,0.5278,0.1315,0.019176,0.0011,0.001275,0.0021
252,0.539745,0.136236,0.0198,0.0011,0.0015,0.0021
253,0.551631,0.141114,0.020445,0.0011,0.0015,0.0021
254,0.563444,0.146136,0.02111,0.0011,0.0015,0.0021
255,0.575172,0.151305,0.021796,0.0011,0.0015,0.0021
256,0.586801,0.156622,0.022504,0.0011,0.0015,0.0021
257,0.598318,0.16209,0.023235,0.00126,0.0015,0.002425
258,0.609711,0.16771,0.023988,0.00142,0.0015,0.00275
259,0.620969,0.173483,0.024766,0.00126,0.001725,0.002185
260,0.632081,0.179412,0.025568,0.0011,0.00195,0.00162
261,0.643037,0.185496,0.026395,0.00134,0.001725,0.0018599999999999999
262,0.653826,0.191738,0.027248,0.00158,0.0015,0.0021
263,0.664441,0.198137,0.028128,0.00158,0.0015,0.0021
264,0.674872,0.204694,0.029036,0.00158,0.0015,0.0021
265,0.685113,0.21141,0.029972,0.0015,0.001275,0.0026699999999999996
266,0.695156,0.218284,0.030937,0.00142,0.00105,0.00324
267,0.704995,0.225316,0.031932,0.00142,0.00105,0.002995
268,0.714625,0.232506,0.032958,0.00142,0.00105,0.00275
269,0.724042,0.239852,0.034016,0.0018150000000000002,0.001275,0.002425
270,0.733241,0.247354,0.035107,0.00221,0.0015,0.0021
271,0.742219,0.255009,0.036231,0.00205,0.0015,0.001615
272,0.750974,0.262817,0.03739,0.00189,0.0015,0.00113
273,0.759503,0.270774,0.038585,0.001495,0.0015,0.001615
274,0.767806,0.278879,0.039816,0.0011,0.0015,0.0021
275,0.775881,0.287129,0.041084,0.0011,0.001275,0.0021
276,0.783729,0.295519,0.042392,0.0011,0.00105,0.0021
277,0.79135,0.304048,0.043738,0.0011,0.001275,0.002425
278,0.798744,0.31271,0.045126,0.0011,0.0015,0.00275
279,0.805915,0.321502,0.046556,0.0011,0.001275,0.002995
280,0.812862,0.330419,0.048028,0.0011,0.00105,0.00324
281,0.819588,0.339456,0.049545,0.00134,0.00105,0.00243
282,0.826097,0.348607,0.051106,0.00158,0.00105,0.00162
283,0.83239,0.357868,0.052715,0.00158,0.001275,0.0018599999999999999
284,0.838472,0.367232,0.054371,0.00158,0.0015,0.0021
285,0.844346,0.376692,0.056075,0.0015,0.001275,0.0018599999999999999
286,0.850015,0.386243,0.05783,0.00142,0.00105,0.00162
287,0.855484,0.395878,0.059637,0.00142,0.00105,0.002185
288,0.860756,0.405588,0.061496,0.00142,0.00105,0.00275
289,0.865837,0.415368,0.063409,0.0018150000000000002,0.00105,0.002425
290,0.87073,0.42521,0.065377,0.00221,0.00105,0.0021
291,0.87544,0.435105,0.067402,0.00205,0.00105,0.0021
292,0.879973,0.445046,0.069485,0.00189,0.00105,0.0021
293,0.884332,0.455025,0.071627,0.001495,0.001275,0.002425
294,0.888522,0.465033,0.07383,0.0011,0.0015,0.00275
295,0.892549,0.475063,0.076095,0.0011,0.0015,0.002425
296,0.896417,0.485106,0.078423,0.0011,0.0015,0.0021
297,0.900131,0.495153,0.080817,0.0011,0.0015,0.0018599999999999999
298,0.903696,0.505196,0.083276,0.0011,0.0015,0.00162
299,0.907116,0.515227,0.085804,0.0011,0.001275,0.0018599999999999999
300,0.910397,0.525237,0.0884,0.0011,0.00105,0.0021
301,0.913542,0.535218,0.091067,0.00126,0.001275,0.0018599999999999999
302,0.916557,0.545161,0.093806,0.00142,0.0015,0.00162
303,0.919447,0.55506,0.096619,0.00126,0.001275,0.002185
304,0.922214,0.564905,0.099507,0.0011,0.00105,0.00275
305,0.924865,0.574689,0.10247,0.00118,0.00105,0.002995
306,0.927403,0.584405,0.105512,0.00126,0.00105,0.00324
307,0.929832,0.594044,0.108633,0.001495,0.00105,0.002185
308,0.932157,0.6036,0.111834,0.00173,0.00105,0.00113
309,0.934381,0.613067,0.115117,0.001415,0.001275,0.00113
310,0.936508,0.622437,0.118483,0.0011,0.0015,0.00113
311,0.938543,0.631705,0.121934,0.00134,0.0015,0.0019399999999999999
312,0.940488,0.640863,0.125471,0.00158,0.0015,0.00275
313,0.942348,0.649907,0.129095,0.00158,0.0015,0.0019399999999999999
314,0.944125,0.658832,0.132807,0.00158,0.0015,0.00113
315,0.945824,0.667632,0.136609,0.0015,0.001275,0.001615
316,0.947447,0.676303,0.140502,0.00142,0.00105,0.0021
317,0.948997,0.68484,0.144487,0.00142,0.001275,0.0021
318,0.950477,0.69324,0.148565,0.00142,0.0015,0.0021
319,0.951891,0.701498,0.152737,0.0018150000000000002,0.001275,0.0018599999999999999
320,0.953242,0.709612,0.157004,0.00221,0.00105,0.00162
321,0.954531,0.717579,0.161367,0.00205,0.001275,0.001375
322,0.955761,0.725397,0.165826,0.00189,0.0015,0.00113
323,0.956936,0.733062,0.170384,0.001495,0.0015,0.0019399999999999999
324,0.958057,0.740573,0.17504,0.0011,0.0015,0.00275
325,0.959126,0.74793,0.179795,0.0011,0.0015,0.002995
326,0.960147,0.755129,0.184649,0.0011,0.0015,0.00324
327,0.961121,0.762172,0.189604,0.0011,0.0015,0.0026699999999999996
328,0.96205,0.769056,0.194658,0.0011,0.0015,0.0021
329,0.962936,0.775782,0.199814,0.0011,0.001275,0.002425
330,0.963781,0.782349,0.205071,0.0011,0.00105,0.00275
331,0.964587,0.788758,0.210428,0.00126,0.0015,0.002185
332,0.965356,0.79501,0.215887,0.00142,0.00195,0.00162
333,0.966089,0.801104,0.221447,0.00126,0.00195,0.0018599999999999999
334,0.966788,0.807043,0.227107,0.0011,0.00195,0.0021
335,0.967454,0.812826,0.232867,0.00118,0.0015,0.002425
336,0.96809,0.818456,0.238728,0.00126,0.00105,0.00275
337,0.968695,0.823933,0.244688,0.001495,0.00105,0.002425
338,0.969273,0.82926,0.250746,0.00173,0.00105,0.0021
339,0.969823,0.834438,0.256902,0.002915,0.0015,0.0018599999999999999
340,0.970348,0.83947,0.263154,0.0041,0.00195,0.00162
341,0.970847,0.844357,0.269502,0.00449,0.00195,0.0018599999999999999
342,0.971324,0.849102,0.275944,0.00488,0.00195,0.0021
343,0.971778,0.853706,0.28248,0.005039999999999999,0.0015,0.0021
344,0.972211,0.858173,0.289106,0.0052,0.00105,0.0021
345,0.972623,0.862505,0.295822,0.005435,0.001275,0.002425
346,0.973016,0.866705,0.302626,0.00567,0.0015,0.00275
347,0.97339,0.870774,0.309516,0.006144999999999999,0.001275,0.002425
348,0.973747,0.874716,0.316489,0.00662,0.00105,0.0021
349,0.974087,0.878534,0.323544,0.006855,0.00105,0.0021
350,0.974411,0.88223,0.330677,0.00709,0.00105,0.0021
351,0.974719,0.885806,0.337888,0.00788,0.001275,0.002425
352,0.975013,0.889267,0.345172,0.00867,0.0015,0.00275
353,0.975293,0.892614,0.352526,0.00914,0.0015,0.002425
354,0.97556,0.895851,0.359949,0.00961,0.0015,0.0021
355,0.975814,0.89898,0.367437,0.009770000000000001,0.0015,0.0018599999999999999
356,0.976056,0.902003,0.374986,0.00993,0.0015,0.00162
357,0.976286,0.904925,0.382594,0.01048,0.001725,0.00162
358,0.976506,0.907747,0.390257,0.01103,0.00195,0.00162
359,0.976715,0.910473,0.397971,0.01182,0.001725,0.001375
360,0.976914,0.913104,0.405733,0.01261,0.0015,0.00113
361,0.977104,0.915645,0.413539,0.013555000000000001,0.0015,0.001375
362,0.977285,0.918096,0.421385,0.0145,0.0015,0.00162
363,0.977457,0.920462,0.429267,0.015130000000000001,0.0015,0.00162
364,0.977621,0.922744,0.437182,0.01576,0.0015,0.00162
365,0.977777,0.924945,0.445124,0.01647,0.001275,0.0018599999999999999
366,0.977926,0.927068,0.453091,0.01718,0.00105,0.0021
367,0.978067,0.929114,0.461078,0.01828,0.00105,0.0018599999999999999
368,0.978202,0.931087,0.46908,0.01938,0.00105,0.00162
369,0.978331,0.932989,0.477094,0.02025,0.001275,0.00162
370,0.978453,0.934822,0.485115,0.02112,0.0015,0.00162
371,0.978569,0.936588,0.493138,0.022065,0.0015,0.0018599999999999999
372,0.97868,0.938289,0.501161,0.02301,0.0015,0.0021
373,0.978786,0.939928,0.509177,0.024585,0.0015,0.001615
374,0.978887,0.941506,0.517184,0.02616,0.0015,0.00113
375,0.978982,0.943026,0.525176,0.027025,0.001275,0.001375
376,0.979074,0.94449,0.53315,0.02789,0.00105,0.00162
377,0.97916,0.945899,0.541101,0.02939,0.001275,0.00162
378,0.979243,0.947256,0.549025,0.03089,0.0015,0.00162
379,0.979322,0.948561,0.556918,0.032465,0.001275,0.0018599999999999999
380,0.979397,0.949818,0.564777,0.03404,0.00105,0.0021
381,0.979468,0.951027,0.572596,0.035455,0.0015,0.0021
382,0.979536,0.952191,0.580373,0.03687,0.00195,0.0021
383,0.979601,0.953311,0.588103,0.038685,0.0024749999999999998,0.0021
384,0.979663,0.954388,0.595783,0.0405,0.003,0.0021
385,0.979722,0.955424,0.60341,0.042230000000000004,0.003,0.002425
386,0.979777,0.956421,0.610979,0.04396,0.003,0.00275
387,0.979831,0.95738,0.618487,0.04593,0.003,0.002425
388,0.979881,0.958302,0.625932,0.0479,0.003,0.0021
389,0.97993,0.959189,0.63331,0.050265000000000004,0.0027,0.0021
390,0.979976,0.960042,0.640617,0.05263,0.0024,0.0021
391,0.980019,0.960861,0.647852,0.055075,0.0029249999999999996,0.002425
392,0.980061,0.96165,0.655011,0.05752,0.00345,0.00275
393,0.980101,0.962408,0.662092,0.059805,0.00345,0.002425
394,0.980139,0.963136,0.669093,0.06209,0.00345,0.0021
395,0.980175,0.963836,0.67601,0.064765,0.0039,0.002425
396,0.980209,0.96451,0.682843,0.06744,0.00435,0.00275
397,0.980241,0.965157,0.689588,0.069885,0.00435,0.002185
398,0.980272,0.965779,0.696244,0.07233,0.00435,0.00162
399,0.980302,0.966376,0.70281,0.07564000000000001,0.004875,0.00162
400,0.98033,0.966951,0.709283,0.07895,0.0054,0.00162
401,0.980357,0.967503,0.715662,0.081865,0.0054,0.0018599999999999999
402,0.980383,0.968033,0.721946,0.08478,0.0054,0.0021
403,0.980407,0.968543,0.728134,0.08785,0.005625,0.0018599999999999999
404,0.98043,0.969032,0.734225,0.09092,0.00585,0.00162
405,0.980452,0.969503,0.740217,0.09439,0.005625,0.001375
406,0.980473,0.969955,0.74611,0.09786,0.0054,0.00113
407,0.980493,0.970389,0.751904,0.101245,0.005625,0.0019399999999999999
408,0.980512,0.970806,0.757597,0.10463,0.00585,0.00275
409,0.98053,0.971207,0.76319,0.108335,0.006605,0.002185
410,0.980547,0.971592,0.768682,0.11204,0.00736,0.00162
411,0.980564,0.971962,0.774073,0.11535000000000001,0.007585,0.001375
412,0.980579,0.972317,0.779363,0.11866,0.00781,0.00113
413,0.980594,0.972659,0.784552,0.122285,0.008110000000000001,0.001375
414,0.980608,0.972986,0.78964,0.12591,0.00841,0.00162
415,0.980622,0.973301,0.794627,0.13000499999999998,0.00886,0.0018599999999999999
416,0.980635,0.973604,0.799515,0.1341,0.00931,0.0021
417,0.980647,0.973894,0.804302,0.13812,0.00931,0.0021
418,0.980659,0.974173,0.808991,0.14214,0.00931,0.0021
419,0.98067,0.974441,0.813581,0.14662999999999998,0.009835,0.0021
420,0.98068,0.974698,0.818073,0.15112,0.01036,0.0021
421,0.98069,0.974945,0.822468,0.155925,0.011859999999999999,0.0018599999999999999
422,0.9807,0.975182,0.826766,0.16073,0.01336,0.00162
423,0.980709,0.97541,0.830969,0.16490500000000002,0.01336,0.00243
424,0.980718,0.975629,0.835078,0.16908,0.01336,0.00324
425,0.980726,0.975839,0.839093,0.174125,0.014335,0.00243
426,0.980734,0.976041,0.843017,0.17917,0.01531,0.00162
427,0.980741,0.976235,0.846848,0.18381999999999998,0.015535,0.00162
428,0.980748,0.976421,0.85059,0.18847,0.01576,0.00162
429,0.980755,0.976599,0.854243,0.193195,0.017564999999999997,0.001375
430,0.980762,0.976771,0.857809,0.19792,0.01937,0.00113
431,0.980768,0.976936,0.861288,0.20367000000000002,0.020345,0.001615
432,0.980774,0.977094,0.864682,0.20942,0.02132,0.0021
433,0.980779,0.977246,0.867992,0.21352,0.02237,0.0018599999999999999
434,0.980784,0.977391,0.87122,0.21762,0.02342,0.00162
435,0.98079,0.977531,0.874367,0.223135,0.024695,0.001375
436,0.980794,0.977666,0.877435,0.22865,0.02597,0.00113
437,0.980799,0.977795,0.880424,0.23393,0.02672,0.001375
438,0.980803,0.977919,0.883337,0.23921,0.02747,0.00162
439,0.980807,0.978038,0.886174,0.244485,0.02875,0.00162
440,0.980811,0.978152,0.888937,0.24976,0.03003,0.00162
441,0.980815,0.978261,0.891628,0.25630000000000003,0.03153,0.00162
442,0.980819,0.978367,0.894247,0.26284,0.03303,0.00162
443,0.980822,0.978468,0.896798,0.26765,0.034305,0.00162
444,0.980825,0.978565,0.899279,0.27246,0.03558,0.00162
445,0.980829,0.978658,0.901694,0.278525,0.037455,0.002185
446,0.980831,0.978747,0.904044,0.28459,0.03933,0.00275
447,0.980834,0.978833,0.90633,0.29073499999999997,0.040834999999999996,0.002425
448,0.980837,0.978916,0.908553,0.29688,0.04234,0.0021
449,0.980839,0.978995,0.910715,0.30334,0.044215000000000004,0.001615
450,0.980842,0.979071,0.912817,0.3098,0.04609,0.00113
451,0.980844,0.979143,0.914861,0.31657500000000005,0.04789,0.001615
452,0.980846,0.979213,0.916848,0.32335,0.04969,0.0021
453,0.980848,0.979281,0.918779,0.328865,0.051795,0.0018599999999999999
454,0.98085,0.979345,0.920656,0.33438,0.0539,0.00162
455,0.980852,0.979407,0.922479,0.340765,0.056075,0.00162
456,0.980854,0.979467,0.924251,0.34715,0.05825,0.00162
457,0.980856,0.979524,0.925972,0.353215,0.06035,0.00162
458,0.980858,0.979578,0.927644,0.35928,0.06245,0.00162
459,0.980859,0.979631,0.929268,0.365425,0.06493,0.0018599999999999999
460,0.980861,0.979681,0.930845,0.37157,0.06741,0.0021
461,0.980862,0.97973,0.932377,0.37834500000000004,0.07011,0.0021
462,0.980863,0.979776,0.933863,0.38512,0.07281,0.0021
463,0.980865,0.979821,0.935307,0.390795,0.07529,0.002425
464,0.980866,0.979864,0.936708,0.39647,0.07777,0.00275
465,0.980867,0.979905,0.938068,0.40301,0.08047,0.00275
466,0.980868,0.979945,0.939389,0.40955,0.08317,0.00275
467,0.980869,0.979983,0.94067,0.417115,0.08602499999999999,0.002425
468,0.98087,0.980019,0.941913,0.42468,0.08888,0.0021
469,0.980871,0.980054,0.94312,0.430745,0.09113,0.0018599999999999999
470,0.980872,0.980087,0.94429,0.43681,0.09338,0.00162
471,0.980873,0.98012,0.945426,0.44453,0.09676000000000001,0.002185
472,0.980874,0.980151,0.946527,0.45225,0.10014,0.00275
473,0.980874,0.98018,0.947596,0.45816,0.10329,0.002995
474,0.980875,0.980209,0.948633,0.46407,0.10644,0.00324
475,0.980876,0.980236,0.949638,0.47116,0.109895,0.002995
476,0.980877,0.980262,0.950613,0.47825,0.11335,0.00275
477,0.980877,0.980287,0.951558,0.48487,0.116875,0.00275
478,0.980878,0.980312,0.952475,0.49149,0.1204,0.00275
479,0.980878,0.980335,0.953364,0.498265,0.12392999999999998,0.00275
480,0.980879,0.980357,0.954226,0.50504,0.12746,0.00275
481,0.98088,0.980378,0.955062,0.512765,0.13076,0.00275
482,0.98088,0.980399,0.955872,0.52049,0.13406,0.00275
483,0.98088,0.980419,0.956658,0.52608,0.138565,0.002185
484,0.980881,0.980438,0.957419,0.53167,0.14307,0.00162
485,0.980881,0.980456,0.958157,0.5389200000000001,0.14585,0.002185
486,0.980882,0.980473,0.958873,0.54617,0.14863,0.00275
487,0.980882,0.98049,0.959566,0.5532600000000001,0.152605,0.00275
488,0.980883,0.980506,0.960238,0.56035,0.15658,0.00275
489,0.980883,0.980521,0.960889,0.566655,0.160335,0.00275
490,0.980883,0.980536,0.961521,0.57296,0.16409,0.00275
491,0.980884,0.98055,0.962132,0.581705,0.16784500000000002,0.00275
492,0.980884,0.980564,0.962725,0.59045,0.1716,0.00275
493,0.980884,0.980577,0.963299,0.59565,0.1761,0.00275
494,0.980884,0.98059,0.963856,0.60085,0.1806,0.00275
495,0.980885,0.980602,0.964395,0.606995,0.184805,0.002995
496,0.980885,0.980613,0.964917,0.61314,0.18901,0.00324
497,0.980885,0.980624,0.965423,0.619915,0.193965,0.00324
498,0.980885,0.980635,0.965913,0.62669,0.19892,0.00324
499,0.980886,0.980645,0.966388,0.63331,0.203575,0.003805
500,0.980886,0.980655,0.966849,0.63993,0.20823,0.00437
501,0.980886,0.980665,0.967294,0.645525,0.21228,0.003805
502,0.980886,0.980674,0.967726,0.65112,0.21633,0.00324
503,0.980886,0.980682,0.968144,0.65774,0.22181,0.00429
504,0.980887,0.980691,0.96855,0.66436,0.22729,0.00534
505,0.980887,0.980699,0.968942,0.669635,0.231495,0.00534
506,0.980887,0.980706,0.969322,0.67491,0.2357,0.00534
507,0.980887,0.980714,0.96969,0.681295,0.24028,0.0059050000000000005
508,0.980887,0.980721,0.970047,0.68768,0.24486,0.00647
509,0.980887,0.980728,0.970392,0.69296,0.249515,0.0075250000000000004
510,0.980887,0.980734,0.970727,0.69824,0.25417,0.00858
511,0.980888,0.98074,0.97105,0.7023349999999999,0.25927,0.009145
512,0.980888,0.980746,0.971364,0.70643,0.26437,0.00971
513,0.980888,0.980752,0.971668,0.71092,0.2688,0.010195
514,0.980888,0.980758,0.971962,0.71541,0.27323,0.01068
515,0.980888,0.980763,0.972247,0.720215,0.27810999999999997,0.01125
516,0.980888,0.980768,0.972523,0.72502,0.28299,0.01182
517,0.980888,0.980773,0.97279,0.7303,0.28787,0.012385
518,0.980888,0.980778,0.973049,0.73558,0.29275,0.01295
519,0.980888,0.980782,0.973299,0.739285,0.298155,0.01376
520,0.980888,0.980786,0.973542,0.74299,0.30356,0.01457
521,0.980889,0.980791,0.973776,0.7466900000000001,0.30949,0.015135
522,0.980889,0.980795,0.974004,0.75039,0.31542,0.0157
523,0.980889,0.980798,0.974224,0.75512,0.320975,0.016184999999999998
524,0.980889,0.980802,0.974437,0.75985,0.32653,0.01667
525,0.980889,0.980806,0.974644,0.762845,0.33141,0.017480000000000002
526,0.980889,0.980809,0.974843,0.76584,0.33629,0.01829
527,0.980889,0.980812,0.975037,0.7697,0.34124,0.018615
528,0.980889,0.980815,0.975224,0.77356,0.34619,0.01894
529,0.980889,0.980818,0.975406,0.778285,0.35167000000000004,0.019749999999999997
530,0.980889,0.980821,0.975581,0.78301,0.35715,0.02056
531,0.980889,0.980824,0.975751,0.78703,0.36263,0.021124999999999998
532,0.980889,0.980827,0.975916,0.79105,0.36811,0.02169
533,0.980889,0.980829,0.976075,0.7942,0.37419,0.022175
534,0.980889,0.980832,0.976229,0.79735,0.38027,0.02266
535,0.980889,0.980834,0.976379,0.800505,0.3847,0.023795
536,0.980889,0.980836,0.976523,0.80366,0.38913,0.02493
537,0.980889,0.980838,0.976663,0.80799,0.39491,0.02574
538,0.980889,0.98084,0.976799,0.81232,0.40069,0.02655
539,0.980889,0.980842,0.97693,0.814765,0.40617000000000003,0.02768
540,0.980889,0.980844,0.977057,0.81721,0.41165,0.02881
541,0.980889,0.980846,0.97718,0.82107,0.41863,0.02962
542,0.980889,0.980848,0.977299,0.82493,0.42561,0.03043
543,0.980889,0.98085,0.977414,0.8270550000000001,0.431315,0.031805
544,0.98089,0.980851,0.977526,0.82918,0.43702,0.03318
545,0.98089,0.980853,0.977634,0.8331999999999999,0.442275,0.03375
546,0.98089,0.980854,0.977738,0.83722,0.44753,0.03432
547,0.98089,0.980856,0.977839,0.8406849999999999,0.45391,0.03545
548,0.98089,0.980857,0.977937,0.84415,0.46029,0.03658
549,0.98089,0.980858,0.978032,0.846675,0.46682,0.037955
550,0.98089,0.98086,0.978124,0.8492,0.47335,0.03933
551,0.98089,0.980861,0.978212,0.852745,0.47943,0.040465
552,0.98089,0.980862,0.978298,0.85629,0.48551,0.0416
553,0.98089,0.980863,0.978382,0.857945,0.49174,0.042734999999999995
554,0.98089,0.980864,0.978462,0.8596,0.49797,0.04387
555,0.98089,0.980865,0.97854,0.8624350000000001,0.502175,0.045
556,0.98089,0.980866,0.978616,0.86527,0.50638,0.04613
557,0.98089,0.980867,0.978689,0.8678699999999999,0.51231,0.04783
558,0.98089,0.980868,0.978759,0.87047,0.51824,0.04953
559,0.98089,0.980869,0.978828,0.87236,0.5242450000000001,0.050665
560,0.98089,0.98087,0.978894,0.87425,0.53025,0.0518
561,0.98089,0.980871,0.978958,0.87693,0.53693,0.05382
562,0.98089,0.980871,0.97902,0.87961,0.54361,0.05584
563,0.98089,0.980872,0.97908,0.882525,0.54984,0.057620000000000005
564,0.98089,0.980873,0.979138,0.88544,0.55607,0.0594
565,0.98089,0.980874,0.979195,0.886935,0.56125,0.06078
566,0.98089,0.980874,0.979249,0.88843,0.56643,0.06216
567,0.98089,0.980875,0.979302,0.890245,0.5722849999999999,0.06483
568,0.98089,0.980876,0.979353,0.89206,0.57814,0.0675
569,0.98089,0.980876,0.979402,0.8950549999999999,0.5847450000000001,0.068955
570,0.98089,0.980877,0.97945,0.89805,0.59135,0.07041
571,0.98089,0.980877,0.979497,0.89923,0.59743,0.071865
572,0.98089,0.980878,0.979541,0.90041,0.60351,0.07332
573,0.98089,0.980878,0.979585,0.90293,0.60974,0.07599500000000001
574,0.98089,0.980879,0.979627,0.90545,0.61597,0.07867
575,0.98089,0.980879,0.979667,0.90734,0.6204000000000001,0.08077000000000001
576,0.98089,0.98088,0.979707,0.90923,0.62483,0.08287
577,0.98089,0.98088,0.979745,0.91128,0.631885,0.08521999999999999
578,0.98089,0.98088,0.979781,0.91333,0.63894,0.08757
579,0.98089,0.980881,0.979817,0.915065,0.6429199999999999,0.08943
580,0.98089,0.980881,0.979852,0.9168,0.6469,0.09129
581,0.98089,0.980881,0.979885,0.9178999999999999,0.65283,0.09307
582,0.98089,0.980882,0.979917,0.919,0.65876,0.09485
583,0.98089,0.980882,0.979949,0.91979,0.664915,0.097605
584,0.98089,0.980882,0.979979,0.92058,0.67107,0.10036
585,0.98089,0.980883,0.980008,0.923495,0.675875,0.102545
586,0.98089,0.980883,0.980037,0.92641,0.68068,0.10473
587,0.98089,0.980883,0.980064,0.9275899999999999,0.68556,0.108125
588,0.98089,0.980884,0.980091,0.92877,0.69044,0.11152
589,0.98089,0.980884,0.980116,0.9295599999999999,0.694715,0.11371
590,0.98089,0.980884,0.980141,0.93035,0.69899,0.1159
591,0.98089,0.980884,0.980165,0.93232,0.70545,0.119055
592,0.98089,0.980885,0.980189,0.93429,0.71191,0.12221
593,0.98089,0.980885,0.980211,0.935235,0.7163349999999999,0.125365
594,0.98089,0.980885,0.980233,0.93618,0.72076,0.12852
595,0.98089,0.980885,0.980254,0.93634,0.7266900000000001,0.130465
596,0.98089,0.980885,0.980275,0.9365,0.73262,0.13241
597,0.98089,0.980886,0.980294,0.93957,0.7379500000000001,0.136615
598,0.98089,0.980886,0.980314,0.94264,0.74328,0.14082
599,0.98089,0.980886,0.980332,0.94335,0.74711,0.14308500000000002
600,0.98089,0.980886,0.98035,0.94406,0.75094,0.14535
601,0.98089,0.980886,0.980367,0.9453199999999999,0.75484,0.148265
602,0.98089,0.980886,0.980384,0.94658,0.75874,0.15118
603,0.98089,0.980887,0.9804,0.9467399999999999,0.763395,0.1545
604,0.98089,0.980887,0.980416,0.9469,0.76805,0.15782
605,0.98089,0.980887,0.980431,0.947845,0.772105,0.16154
606,0.98089,0.980887,0.980446,0.94879,0.77616,0.16526
607,0.98089,0.980887,0.980461,0.9515450000000001,0.7801400000000001,0.168255
608,0.98089,0.980887,0.980474,0.9543,0.78412,0.17125
609,0.98089,0.980887,0.980488,0.95438,0.7882450000000001,0.174325
610,0.98089,0.980887,0.980501,0.95446,0.79237,0.1774
611,0.98089,0.980888,0.980513,0.9554849999999999,0.7948500000000001,0.18080000000000002
612,0.98089,0.980888,0.980525,0.95651,0.79733,0.1842
613,0.98089,0.980888,0.980537,0.95643,0.80153,0.18841000000000002
614,0.98089,0.980888,0.980548,0.95635,0.80573,0.19262
615,0.98089,0.980888,0.980559,0.9584,0.809935,0.196505
616,0.98089,0.980888,0.98057,0.96045,0.81414,0.20039
617,0.98089,0.980888,0.98058,0.961395,0.8184199999999999,0.204275
618,0.98089,0.980888,0.98059,0.96234,0.8227,0.20816
619,0.98089,0.980888,0.9806,0.962735,0.826155,0.212125
620,0.98089,0.980888,0.980609,0.96313,0.82961,0.21609
621,0.98089,0.980888,0.980618,0.96305,0.833135,0.21973
622,0.98089,0.980888,0.980627,0.96297,0.83666,0.22337
623,0.98089,0.980888,0.980636,0.96368,0.84019,0.227335
624,0.98089,0.980889,0.980644,0.96439,0.84372,0.2313
625,0.98089,0.980889,0.980652,0.96565,0.84642,0.23502499999999998
626,0.98089,0.980889,0.980659,0.96691,0.84912,0.23875
627,0.98089,0.980889,0.980667,0.967855,0.851825,0.24328
628,0.98089,0.980889,0.980674,0.9688,0.85453,0.24781
629,0.98089,0.980889,0.980681,0.969665,0.85633,0.25089
630,0.98089,0.980889,0.980688,0.97053,0.85813,0.25397
631,0.98089,0.980889,0.980694,0.97061,0.86271,0.25777
632,0.98089,0.980889,0.9807,0.97069,0.86729,0.26157
633,0.98089,0.980889,0.980707,0.971795,0.869165,0.26586
634,0.98089,0.980889,0.980712,0.9729,0.87104,0.27015
635,0.98089,0.980889,0.980718,0.971955,0.87382,0.274845
636,0.98089,0.980889,0.980724,0.97101,0.8766,0.27954
637,0.98089,0.980889,0.980729,0.9729000000000001,0.878475,0.284315
638,0.98089,0.980889,0.980734,0.97479,0.88035,0.28909
639,0.98089,0.980889,0.980739,0.974,0.8841749999999999,0.29313500000000003
640,0.98089,0.980889,0.980744,0.97321,0.888,0.29718
641,0.98089,0.980889,0.980749,0.974235,0.88988,0.301635
642,0.98089,0.980889,0.980753,0.97526,0.89176,0.30609
643,0.98089,0.980889,0.980758,0.9760500000000001,0.89371,0.30981
644,0.98089,0.980889,0.980762,0.97684,0.89566,0.31353
645,0.98089,0.980889,0.980766,0.977075,0.898515,0.318955
646,0.98089,0.980889,0.98077,0.97731,0.90137,0.32438
647,0.98089,0.980889,0.980774,0.97715,0.90332,0.32947499999999996
648,0.98089,0.980889,0.980778,0.97699,0.90527,0.33457
649,0.98089,0.980889,0.980781,0.977935,0.907295,0.33845499999999995
650,0.98089,0.980889,0.980785,0.97888,0.90932,0.34234
651,0.98089,0.98089,0.980788,0.979195,0.9112750000000001,0.34670999999999996
652,0.98089,0.98089,0.980791,0.97951,0.91323,0.35108
653,0.98089,0.98089,0.980795,0.9805349999999999,0.91518,0.35545499999999997
654,0.98089,0.98089,0.980798,0.98156,0.91713,0.35983
655,0.98089,0.98089,0.980801,0.981405,0.9191549999999999,0.363875
656,0.98089,0.98089,0.980804,0.98125,0.92118,0.36792
657,0.98089,0.98089,0.980806,0.98322,0.9221550000000001,0.37285500000000005
658,0.98089,0.98089,0.980809,0.98519,0.92313,0.37779
659,0.98089,0.98089,0.980812,0.98322,0.92516,0.38192000000000004
660,0.98089,0.98089,0.980814,0.98125,0.92719,0.38605
661,0.98089,0.98089,0.980817,0.982745,0.9292149999999999,0.390175
662,0.98089,0.98089,0.980819,0.98424,0.93124,0.3943
663,0.98089,0.98089,0.980821,0.9839249999999999,0.93229,0.399965
664,0.98089,0.98089,0.980823,0.98361,0.93334,0.40563
665,0.98089,0.98089,0.980826,0.98432,0.934395,0.40992
666,0.98089,0.98089,0.980828,0.98503,0.93545,0.41421
667,0.98089,0.98089,0.98083,0.984165,0.938525,0.41947
668,0.98089,0.98089,0.980832,0.9833,0.9416,0.42473
669,0.98089,0.98089,0.980834,0.98566,0.9416,0.42918500000000004
670,0.98089,0.98089,0.980835,0.98802,0.9416,0.43364
671,0.98089,0.98089,0.980837,0.98802,0.9436249999999999,0.43857500000000005
672,0.98089,0.98089,0.980839,0.98802,0.94565,0.44351
673,0.98089,0.98089,0.98084,0.98692,0.94565,0.448525
674,0.98089,0.98089,0.980842,0.98582,0.94565,0.45354
675,0.98089,0.98089,0.980844,0.986765,0.946705,0.45921
676,0.98089,0.98089,0.980845,0.98771,0.94776,0.46488
677,0.98089,0.98089,0.980847,0.98779,0.94986,0.46949
678,0.98089,0.98089,0.980848,0.98787,0.95196,0.4741
679,0.98089,0.98089,0.980849,0.9877100000000001,0.95196,0.47831
680,0.98089,0.98089,0.980851,0.98755,0.95196,0.48252
681,0.98089,0.98089,0.980852,0.9886550000000001,0.95301,0.48680999999999996
682,0.98089,0.98089,0.980853,0.98976,0.95406,0.4911
683,0.98089,0.98089,0.980854,0.9887349999999999,0.95511,0.495875
684,0.98089,0.98089,0.980855,0.98771,0.95616,0.50065
685,0.98089,0.98089,0.980857,0.9886550000000001,0.95721,0.505585
686,0.98089,0.98089,0.980858,0.9896,0.95826,0.51052
687,0.98089,0.98089,0.980859,0.98968,0.95939,0.51659
688,0.98089,0.98089,0.98086,0.98976,0.96052,0.52266
689,0.98089,0.98089,0.980861,0.989835,0.96157,0.5271950000000001
690,0.98089,0.98089,0.980862,0.98991,0.96262,0.53173
691,0.98089,0.98089,0.980862,0.9899899999999999,0.96262,0.536825
692,0.98089,0.98089,0.980863,0.99007,0.96262,0.54192
693,0.98089,0.98089,0.980864,0.9922,0.96367,0.546535
694,0.98089,0.98089,0.980865,0.99433,0.96472,0.55115
695,0.98089,0.98089,0.980866,0.99307,0.96577,0.55649
696,0.98089,0.98089,0.980867,0.99181,0.96682,0.56183
697,0.98089,0.98089,0.980867,0.99102,0.96577,0.566525
698,0.98089,0.98089,0.980868,0.99023,0.96472,0.57122
699,0.98089,0.98089,0.980869,0.991175,0.96472,0.57551
700,0.98089,0.98089,0.98087,0.99212,0.96472,0.5798
701,0.98089,0.98089,0.98087,0.9922,0.96577,0.5846549999999999
702,0.98089,0.98089,0.980871,0.99228,0.96682,0.58951
703,0.98089,0.98089,0.980871,0.99212,0.967945,0.5938
704,0.98089,0.98089,0.980872,0.99196,0.96907,0.59809
705,0.98089,0.98089,0.980873,0.992985,0.970125,0.6025400000000001
706,0.98089,0.98089,0.980873,0.99401,0.97118,0.60699
707,0.98089,0.98089,0.980874,0.99401,0.97118,0.6120099999999999
708,0.98089,0.98089,0.980874,0.99401,0.97118,0.61703
709,0.98089,0.98089,0.980875,0.99401,0.97118,0.620915
710,0.98089,0.98089,0.980875,0.99401,0.97118,0.6248
711,0.98089,0.98089,0.980876,0.994955,0.97118,0.62998
712,0.98089,0.98089,0.980876,0.9959,0.97118,0.63516
713,0.98089,0.98089,0.980877,0.995115,0.970125,0.6391249999999999
714,0.98089,0.98089,0.980877,0.99433,0.96907,0.64309
715,0.98089,0.98089,0.980877,0.995275,0.970125,0.6484300000000001
716,0.98089,0.98089,0.980878,0.99622,0.97118,0.65377
717,0.98089,0.98089,0.980878,0.99614,0.97118,0.6585449999999999
718,0.98089,0.98089,0.980879,0.99606,0.97118,0.66332
719,0.98089,0.98089,0.980879,0.9962949999999999,0.97118,0.66745
720,0.98089,0.98089,0.980879,0.99653,0.97118,0.67158
721,0.98089,0.98089,0.98088,0.99543,0.97118,0.6764349999999999
722,0.98089,0.98089,0.98088,0.99433,0.97118,0.68129
723,0.98089,0.98089,0.98088,0.99433,0.97118,0.6855
724,0.98089,0.98089,0.980881,0.99433,0.97118,0.68971
725,0.98089,0.98089,0.980881,0.994405,0.97118,0.694725
726,0.98089,0.98089,0.980881,0.99448,0.97118,0.69974
727,0.98089,0.98089,0.980882,0.99543,0.97118,0.702575
728,0.98089,0.98089,0.980882,0.99638,0.97118,0.70541
729,0.98089,0.98089,0.980882,0.99614,0.972305,0.71059
730,0.98089,0.98089,0.980882,0.9959,0.97343,0.71577
731,0.98089,0.98089,0.980883,0.99614,0.97343,0.71868
732,0.98089,0.98089,0.980883,0.99638,0.97343,0.72159
733,0.98089,0.98089,0.980883,0.9974000000000001,0.97448,0.726045
734,0.98089,0.98089,0.980883,0.99842,0.97553,0.7305
735,0.98089,0.98089,0.980883,0.998185,0.97553,0.7335750000000001
736,0.98089,0.98089,0.980884,0.99795,0.97553,0.73665
737,0.98089,0.98089,0.980884,0.997085,0.977705,0.74118
738,0.98089,0.98089,0.980884,0.99622,0.97988,0.74571
739,0.98089,0.98089,0.980884,0.9974000000000001,0.97988,0.748785
740,0.98089,0.98089,0.980884,0.99858,0.97988,0.75186
741,0.98089,0.98089,0.980885,0.99724,0.97988,0.7573650000000001
742,0.98089,0.98089,0.980885,0.9959,0.97988,0.76287
743,0.98089,0.98089,0.980885,0.9962150000000001,0.9810049999999999,0.766025
744,0.98089,0.98089,0.980885,0.99653,0.98213,0.76918
745,0.98089,0.98089,0.980885,0.9962949999999999,0.98213,0.773145
746,0.98089,0.98089,0.980885,0.99606,0.98213,0.77711
747,0.98089,0.98089,0.980886,0.99614,0.98326,0.78035
748,0.98089,0.98089,0.980886,0.99622,0.98439,0.78359
749,0.98089,0.98089,0.980886,0.996375,0.98544,0.7876350000000001
750,0.98089,0.98089,0.980886,0.99653,0.98649,0.79168
751,0.98089,0.98089,0.980886,0.997635,0.98649,0.79419
752,0.98089,0.98089,0.980886,0.99874,0.98649,0.7967
753,0.98089,0.98089,0.980886,0.99874,0.98649,0.8000149999999999
754,0.98089,0.98089,0.980886,0.99874,0.98649,0.80333
755,0.98089,0.98089,0.980887,0.99882,0.98649,0.80665
756,0.98089,0.98089,0.980887,0.9989,0.98649,0.80997
757,0.98089,0.98089,0.980887,0.99866,0.98649,0.81248
758,0.98089,0.98089,0.980887,0.99842,0.98649,0.81499
759,0.98089,0.98089,0.980887,0.9984999999999999,0.98649,0.81839
760,0.98089,0.98089,0.980887,0.99858,0.98649,0.82179
761,0.98089,0.98089,0.980887,0.99748,0.98649,0.82527
762,0.98089,0.98089,0.980887,0.99638,0.98649,0.82875
763,0.98089,0.98089,0.980887,0.996615,0.98649,0.8304499999999999
764,0.98089,0.98089,0.980887,0.99685,0.98649,0.83215
765,0.98089,0.98089,0.980888,0.9966900000000001,0.9876149999999999,0.8348199999999999
766,0.98089,0.98089,0.980888,0.99653,0.98874,0.83749
767,0.98089,0.98089,0.980888,0.997475,0.989865,0.8400799999999999
768,0.98089,0.98089,0.980888,0.99842,0.99099,0.84267
769,0.98089,0.98089,0.980888,0.99842,0.989865,0.84445
770,0.98089,0.98089,0.980888,0.99842,0.98874,0.84623
771,0.98089,0.98089,0.980888,0.9984999999999999,0.989865,0.8489
772,0.98089,0.98089,0.980888,0.99858,0.99099,0.85157
773,0.98089,0.98089,0.980888,0.9974000000000001,0.989865,0.85335
774,0.98089,0.98089,0.980888,0.99622,0.98874,0.85513
775,0.98089,0.98089,0.980888,0.9974000000000001,0.989865,0.8577999999999999
776,0.98089,0.98089,0.980888,0.99858,0.99099,0.86047
777,0.98089,0.98089,0.980888,0.998345,0.99099,0.862335
778,0.98089,0.98089,0.980888,0.99811,0.99099,0.8642
779,0.98089,0.98089,0.980888,0.998505,0.99099,0.8650899999999999
780,0.98089,0.98089,0.980889,0.9989,0.99099,0.86598
781,0.98089,0.98089,0.980889,0.99945,0.99099,0.86784
782,0.98089,0.98089,0.980889,1.0,0.99099,0.8697
783,0.98089,0.98089,0.980889,0.998975,0.99099,0.87245
784,0.98089,0.98089,0.980889,0.99795,0.99099,0.8752
785,0.98089,0.98089,0.980889,0.9970049999999999,0.99099,0.87609
786,0.98089,0.98089,0.980889,0.99606,0.99099,0.87698
787,0.98089,0.98089,0.980889,0.9962949999999999,0.99099,0.8797349999999999
788,0.98089,0.98089,0.980889,0.99653,0.99099,0.88249
789,0.98089,0.98089,0.980889,0.997475,0.9921150000000001,0.88346
790,0.98089,0.98089,0.980889,0.99842,0.99324,0.88443
791,0.98089,0.98089,0.980889,0.997475,0.9921150000000001,0.88629
792,0.98089,0.98089,0.980889,0.99653,0.99099,0.88815
793,0.98089,0.98089,0.980889,0.997475,0.9921150000000001,0.89001
794,0.98089,0.98089,0.980889,0.99842,0.99324,0.89187
795,0.98089,0.98089,0.980889,0.99842,0.99324,0.892845
796,0.98089,0.98089,0.980889,0.99842,0.99324,0.89382
797,0.98089,0.98089,0.980889,0.9984999999999999,0.9921150000000001,0.89576
798,0.98089,0.98089,0.980889,0.99858,0.99099,0.8977
799,0.98089,0.98089,0.980889,0.9974000000000001,0.9921150000000001,0.89859
800,0.98089,0.98089,0.980889,0.99622,0.99324,0.89948
801,0.98089,0.98089,0.980889,0.983455,0.99324,0.90045
802,0.98089,0.98089,0.980889,0.97069,0.99324,0.90142
803,0.98089,0.98089,0.980889,0.971795,0.99324,0.903365
804,0.98089,0.98089,0.980889,0.9729,0.99324,0.90531
805,0.98089,0.98089,0.980889,0.971955,0.9921150000000001,0.90725
806,0.98089,0.98089,0.980889,0.97101,0.99099,0.90919
807,0.98089,0.98089,0.980889,0.9729000000000001,0.9921150000000001,0.910165
808,0.98089,0.98089,0.980889,0.97479,0.99324,0.91114
809,0.98089,0.98089,0.980889,0.974,0.99324,0.9130799999999999
810,0.98089,0.98089,0.980889,0.97321,0.99324,0.91502
811,0.98089,0.98089,0.980889,0.974235,0.9921150000000001,0.91599
812,0.98089,0.98089,0.980889,0.97526,0.99099,0.91696
813,0.98089,0.98089,0.980889,0.9760500000000001,0.9921150000000001,0.917935
814,0.98089,0.98089,0.98089,0.97684,0.99324,0.91891
815,0.98089,0.98089,0.98089,0.977075,0.99437,0.92085
816,0.98089,0.98089,0.98089,0.97731,0.9955,0.92279
817,0.98089,0.98089,0.98089,0.97715,0.9955,0.92384
818,0.98089,0.98089,0.98089,0.97699,0.9955,0.92489
819,0.98089,0.98089,0.98089,0.977935,0.9955,0.92489
820,0.98089,0.98089,0.98089,0.97888,0.9955,0.92489
821,0.98089,0.98089,0.98089,0.979195,0.9955,0.9258649999999999
822,0.98089,0.98089,0.98089,0.97951,0.9955,0.92684
823,0.98089,0.98089,0.98089,0.9805349999999999,0.9955,0.9287799999999999
824,0.98089,0.98089,0.98089,0.98156,0.9955,0.93072
825,0.98089,0.98089,0.98089,0.981405,0.9955,0.931775
826,0.98089,0.98089,0.98089,0.98125,0.9955,0.93283
827,0.98089,0.98089,0.98089,0.98322,0.9955,0.9338
828,0.98089,0.98089,0.98089,0.98519,0.9955,0.93477
829,0.98089,0.98089,0.98089,0.98322,0.99437,0.93582
830,0.98089,0.98089,0.98089,0.98125,0.99324,0.93687
831,0.98089,0.98089,0.98089,0.982745,0.99437,0.937845
832,0.98089,0.98089,0.98089,0.98424,0.9955,0.93882
833,0.98089,0.98089,0.98089,0.9839249999999999,0.9955,0.93987
834,0.98089,0.98089,0.98089,0.98361,0.9955,0.94092
835,0.98089,0.98089,0.98089,0.98432,0.9966250000000001,0.94189
836,0.98089,0.98089,0.98089,0.98503,0.99775,0.94286
837,0.98089,0.98089,0.98089,0.984165,0.9966250000000001,0.9439150000000001
838,0.98089,0.98089,0.98089,0.9833,0.9955,0.94497
839,0.98089,0.98089,0.98089,0.98566,0.9955,0.94594
840,0.98089,0.98089,0.98089,0.98802,0.9955,0.94691
841,0.98089,0.98089,0.98089,0.98802,0.9955,0.94691
842,0.98089,0.98089,0.98089,0.98802,0.9955,0.94691
843,0.98089,0.98089,0.98089,0.98692,0.9966250000000001,0.9490149999999999
844,0.98089,0.98089,0.98089,0.98582,0.99775,0.95112
845,0.98089,0.98089,0.98089,0.986765,0.9966250000000001,0.95112
846,0.98089,0.98089,0.98089,0.98771,0.9955,0.95112
847,0.98089,0.98089,0.98089,0.98779,0.9955,0.95314
848,0.98089,0.98089,0.98089,0.98787,0.9955,0.95516
849,0.98089,0.98089,0.98089,0.9877100000000001,0.9955,0.956215
850,0.98089,0.98089,0.98089,0.98755,0.9955,0.95727
851,0.98089,0.98089,0.98089,0.9886550000000001,0.9955,0.95727
852,0.98089,0.98089,0.98089,0.98976,0.9955,0.95727
853,0.98089,0.98089,0.98089,0.9887349999999999,0.9966250000000001,0.95832
854,0.98089,0.98089,0.98089,0.98771,0.99775,0.95937
855,0.98089,0.98089,0.98089,0.9886550000000001,0.9966250000000001,0.95937
856,0.98089,0.98089,0.98089,0.9896,0.9955,0.95937
857,0.98089,0.98089,0.98089,0.98968,0.9955,0.960425
858,0.98089,0.98089,0.98089,0.98976,0.9955,0.96148
859,0.98089,0.98089,0.98089,0.989835,0.9955,0.96245
860,0.98089,0.98089,0.98089,0.98991,0.9955,0.96342
861,0.98089,0.98089,0.98089,0.9899899999999999,0.9955,0.96447
862,0.98089,0.98089,0.98089,0.99007,0.9955,0.96552
863,0.98089,0.98089,0.98089,0.9922,0.9966250000000001,0.966575
864,0.98089,0.98089,0.98089,0.99433,0.99775,0.96763
865,0.98089,0.98089,0.98089,0.99307,0.99775,0.96763
866,0.98089,0.98089,0.98089,0.99181,0.99775,0.96763
867,0.98089,0.98089,0.98089,0.99102,0.99775,0.96868
868,0.98089,0.98089,0.98089,0.99023,0.99775,0.96973
869,0.98089,0.98089,0.98089,0.991175,0.99775,0.96973
870,0.98089,0.98089,0.98089,0.99212,0.99775,0.96973
871,0.98089,0.98089,0.98089,0.9922,0.9966250000000001,0.96973
872,0.98089,0.98089,0.98089,0.99228,0.9955,0.96973
873,0.98089,0.98089,0.98089,0.99212,0.9955,0.96973
874,0.98089,0.98089,0.98089,0.99196,0.9955,0.96973
875,0.98089,0.98089,0.98089,0.992985,0.9955,0.971915
876,0.98089,0.98089,0.98089,0.99401,0.9955,0.9741
877,0.98089,0.98089,0.98089,0.99401,0.9955,0.9741
878,0.98089,0.98089,0.98089,0.99401,0.9955,0.9741
879,0.98089,0.98089,0.98089,0.99401,0.9966250000000001,0.975155
880,0.98089,0.98089,0.98089,0.99401,0.99775,0.97621
881,0.98089,0.98089,0.98089,0.994955,0.99775,0.97621
882,0.98089,0.98089,0.98089,0.9959,0.99775,0.97621
883,0.98089,0.98089,0.98089,0.995115,0.9966250000000001,0.97726
884,0.98089,0.98089,0.98089,0.99433,0.9955,0.97831
885,0.98089,0.98089,0.98089,0.995275,0.9966250000000001,0.97831
886,0.98089,0.98089,0.98089,0.99622,0.99775,0.97831
887,0.98089,0.98089,0.98089,0.99614,0.9966250000000001,0.97936
888,0.98089,0.98089,0.98089,0.99606,0.9955,0.98041
889,0.98089,0.98089,0.98089,0.9962949999999999,0.9955,0.97936
890,0.98089,0.98089,0.98089,0.99653,0.9955,0.97831
891,0.98089,0.98089,0.98089,0.99543,0.99775,0.97936
892,0.98089,0.98089,0.98089,0.99433,1.0,0.98041
893,0.98089,0.98089,0.98089,0.99433,0.998875,0.981465
894,0.98089,0.98089,0.98089,0.99433,0.99775,0.98252
895,0.98089,0.98089,0.98089,0.994405,0.99775,0.981465
896,0.98089,0.98089,0.98089,0.99448,0.99775,0.98041
897,0.98089,0.98089,0.98089,0.99543,0.99775,0.98041
898,0.98089,0.98089,0.98089,0.99638,0.99775,0.98041
899,0.98089,0.98089,0.98089,0.99614,0.99775,0.982595
900,0.98089,0.98089,0.98089,0.9959,0.99775,0.98478
901,0.98089,0.98089,0.98089,0.9959,0.99775,0.98478
902,0.98089,0.98089,0.98089,0.9959,0.99775,0.98478
903,0.98089,0.98089,0.98089,0.9959,0.99775,0.98478
904,0.98089,0.98089,0.98089,0.9959,0.99775,0.98478
905,0.98089,0.98089,0.98089,0.9959,0.99775,0.98478
906,0.98089,0.98089,0.98089,0.9959,0.99775,0.98478
907,0.98089,0.98089,0.98089,0.9959,0.99775,0.98478
908,0.98089,0.98089,0.98089,0.9959,0.99775,0.98478
909,0.98089,0.98089,0.98089,0.9959,0.99775,0.98478
910,0.98089,0.98089,0.98089,0.9959,0.99775,0.98478
911,0.98089,0.98089,0.98089,0.9959,0.99775,0.98478
912,0.98089,0.98089,0.98089,0.9959,0.99775,0.98478
913,0.98089,0.98089,0.98089,0.9959,0.99775,0.98478
914,0.98089,0.98089,0.98089,0.9959,0.99775,0.98478
915,0.98089,0.98089,0.98089,0.9959,0.99775,0.98478
916,0.98089,0.98089,0.98089,0.9959,0.99775,0.98478
917,0.98089,0.98089,0.98089,0.9959,0.99775,0.98478
918,0.98089,0.98089,0.98089,0.9959,0.99775,0.98478
919,0.98089,0.98089,0.98089,0.9959,0.99775,0.98478
920,0.98089,0.98089,0.98089,0.9959,0.99775,0.98478
921,0.98089,0.98089,0.98089,0.9959,0.99775,0.98478
922,0.98089,0.98089,0.98089,0.9959,0.99775,0.98478
923,0.98089,0.98089,0.98089,0.9959,0.99775,0.98478
924,0.98089,0.98089,0.98089,0.9959,0.99775,0.98478
925,0.98089,0.98089,0.98089,0.9959,0.99775,0.98478
926,0.98089,0.98089,0.98089,0.9959,0.99775,0.98478
927,0.98089,0.98089,0.98089,0.9959,0.99775,0.98478
928,0.98089,0.98089,0.98089,0.9959,0.99775,0.98478
929,0.98089,0.98089,0.98089,0.9959,0.99775,0.98478
930,0.98089,0.98089,0.98089,0.9959,0.99775,0.98478
931,0.98089,0.98089,0.98089,0.9959,0.99775,0.98478
932,0.98089,0.98089,0.98089,0.9959,0.99775,0.98478
933,0.98089,0.98089,0.98089,0.9959,0.99775,0.98478
934,0.98089,0.98089,0.98089,0.9959,0.99775,0.98478
935,0.98089,0.98089,0.98089,0.9959,0.99775,0.98478
936,0.98089,0.98089,0.98089,0.9959,0.99775,0.98478
937,0.98089,0.98089,0.98089,0.9959,0.99775,0.98478
938,0.98089,0.98089,0.98089,0.9959,0.99775,0.98478
939,0.98089,0.98089,0.98089,0.9959,0.99775,0.98478
940,0.98089,0.98089,0.98089,0.9959,0.99775,0.98478
941,0.98089,0.98089,0.98089,0.9959,0.99775,0.98478
942,0.98089,0.98089,0.98089,0.9959,0.99775,0.98478
943,0.98089,0.98089,0.98089,0.9959,0.99775,0.98478
944,0.98089,0.98089,0.98089,0.9959,0.99775,0.98478
945,0.98089,0.98089,0.98089,0.9959,0.99775,0.98478
946,0.98089,0.98089,0.98089,0.9959,0.99775,0.98478
947,0.98089,0.98089,0.98089,0.9959,0.99775,0.98478
948,0.98089,0.98089,0.98089,0.9959,0.99775,0.98478
949,0.98089,0.98089,0.98089,0.9959,0.99775,0.98478
950,0.98089,0.98089,0.98089,0.9959,0.99775,0.98478
951,0.98089,0.98089,0.98089,0.9959,0.99775,0.98478
952,0.98089,0.98089,0.98089,0.9959,0.99775,0.98478
953,0.98089,0.98089,0.98089,0.9959,0.99775,0.98478
954,0.98089,0.98089,0.98089,0.9959,0.99775,0.98478
955,0.98089,0.98089,0.98089,0.9959,0.99775,0.98478
956,0.98089,0.98089,0.98089,0.9959,0.99775,0.98478
957,0.98089,0.98089,0.98089,0.9959,0.99775,0.98478
958,0.98089,0.98089,0.98089,0.9959,0.99775,0.98478
959,0.98089,0.98089,0.98089,0.9959,0.99775,0.98478
960,0.98089,0.98089,0.98089,0.9959,0.99775,0.98478
961,0.98089,0.98089,0.98089,0.9959,0.99775,0.98478
962,0.98089,0.98089,0.98089,0.9959,0.99775,0.98478
963,0.98089,0.98089,0.98089,0.9959,0.99775,0.98478
964,0.98089,0.98089,0.98089,0.9959,0.99775,0.98478
965,0.98089,0.98089,0.98089,0.9959,0.99775,0.98478
966,0.98089,0.98089,0.98089,0.9959,0.99775,0.98478
967,0.98089,0.98089,0.98089,0.9959,0.99775,0.98478
968,0.98089,0.98089,0.98089,0.9959,0.99775,0.98478
969,0.98089,0.98089,0.98089,0.9959,0.99775,0.98478
970,0.98089,0.98089,0.98089,0.9959,0.99775,0.98478
971,0.98089,0.98089,0.98089,0.9959,0.99775,0.98478
972,0.98089,0.98089,0.98089,0.9959,0.99775,0.98478
973,0.98089,0.98089,0.98089,0.9959,0.99775,0.98478
974,0.98089,0.98089,0.98089,0.9959,0.99775,0.98478
975,0.98089,0.98089,0.98089,0.9959,0.99775,0.98478
976,0.98089,0.98089,0.98089,0.9959,0.99775,0.98478
977,0.98089,0.98089,0.98089,0.9959,0.99775,0.98478
978,0.98089,0.98089,0.98089,0.9959,0.99775,0.98478
979,0.98089,0.98089,0.98089,0.9959,0.99775,0.98478
980,0.98089,0.98089,0.98089,0.9959,0.99775,0.98478
981,0.98089,0.98089,0.98089,0.9959,0.99775,0.98478
982,0.98089,0.98089,0.98089,0.9959,0.99775,0.98478
983,0.98089,0.98089,0.98089,0.9959,0.99775,0.98478
984,0.98089,0.98089,0.98089,0.9959,0.99775,0.98478
985,0.98089,0.98089,0.98089,0.9959,0.99775,0.98478
986,0.98089,0.98089,0.98089,0.9959,0.99775,0.98478
987,0.98089,0.98089,0.98089,0.9959,0.99775,0.98478
988,0.98089,0.98089,0.98089,0.9959,0.99775,0.98478
989,0.98089,0.98089,0.98089,0.9959,0.99775,0.98478
990,0.98089,0.98089,0.98089,0.9959,0.99775,0.98478
991,0.98089,0.98089,0.98089,0.9959,0.99775,0.98478
992,0.98089,0.98089,0.98089,0.9959,0.99775,0.98478
993,0.98089,0.98089,0.98089,0.9959,0.99775,0.98478
994,0.98089,0.98089,0.98089,0.9959,0.99775,0.98478
995,0.98089,0.98089,0.98089,0.9959,0.99775,0.98478
996,0.98089,0.98089,0.98089,0.9959,0.99775,0.98478
997,0.98089,0.98089,0.98089,0.9959,0.99775,0.98478
998,0.98089,0.98089,0.98089,0.9959,0.99775,0.98478
999,0.98089,0.98089,0.98089,0.9959,0.99775,0.98478
1000,0.98089,0.98089,0.98089,0.9959,0.99775,0.98478
