t_I,I_12,I_10,I_8,t_O,O_12,O_10,O_8
0,0.0000151,0.0000152,0.0000153,0,0.0041,0.00105,0
1,0.0000153,0.0000154,0.0000155,2,0.00425,0.0015,0.00113
2,0.0000156,0.0000156,0.0000157,4,0.00394,0.0015,0.00162
3,0.0000159,0.0000159,0.0000158,6,0.00378,0.00105,0.00162
4,0.0000162,0.0000161,0.000016,8,0.00347,0.0015,0.00162
5,0.0000165,0.0000164,0.0000162,10,0.00362,0.0015,0.0021
6,0.0000168,0.0000166,0.0000164,12,0.00378,0.00195,0.00162
7,0.0000172,0.0000169,0.0000167,14,0.00378,0.00195,0.00113
8,0.0000175,0.0000172,0.0000169,16,0.00394,0.00105,0.00162
9,0.0000179,0.0000175,0.0000171,18,0.00268,0.00105,0.00113
10,0.0000183,0.0000178,0.0000174,20,0.00331,0.00105,0.00113
11,0.0000187,0.0000181,0.0000176,22,0.00362,0.0015,0.00162
12,0.0000192,0.0000185,0.0000178,24,0.00315,0.00105,0.00162
13,0.0000196,0.0000188,0.0000181,26,0.00347,0.0015,0.00113
14,0.0000201,0.0000192,0.0000184,28,0.00299,0.0015,0.00113
15,0.0000206,0.0000196,0.0000187,30,0.00299,0.0015,0.00162
16,0.0000211,0.00002,0.0000189,32,0.00331,0.0015,0.00162
17,0.0000217,0.0000204,0.0000192,34,0.00315,0.00105,0.00162
18,0.0000223,0.0000208,0.0000195,36,0.00315,0.0015,0.0021
19,0.0000229,0.0000213,0.0000199,38,0.00284,0.0015,0.00162
20,0.0000236,0.0000218,0.0000202,40,0.00315,0.0015,0.00113
21,0.0000242,0.0000223,0.0000205,42,0.00268,0.00105,0.00162
22,0.000025,0.0000228,0.0000209,44,0.00268,0.0015,0.00162
23,0.0000257,0.0000233,0.0000212,46,0.00284,0.0015,0.00162
24,0.0000265,0.0000239,0.0000216,48,0.00284,0.00105,0.0021
25,0.0000273,0.0000244,0.000022,50,0.00284,0.0015,0.00162
26,0.0000282,0.0000251,0.0000224,52,0.00284,0.00105,0.00113
27,0.0000291,0.0000257,0.0000228,54,0.00284,0.00105,0.00162
28,0.0000301,0.0000263,0.0000232,56,0.00252,0.0015,0.00162
29,0.0000311,0.000027,0.0000237,58,0.00284,0.0015,0.00162
30,0.0000322,0.0000277,0.0000241,60,0.00284,0.0015,0.00162
31,0.0000333,0.0000285,0.0000246,62,0.00252,0.00105,0.00162
32,0.0000344,0.0000292,0.0000251,64,0.00268,0.00105,0.00162
33,0.0000357,0.0000301,0.0000256,66,0.00252,0.00105,0.0021
34,0.000037,0.0000309,0.0000261,68,0.00268,0.0015,0.00162
35,0.0000383,0.0000318,0.0000267,70,0.00268,0.0015,0.00162
36,0.0000398,0.0000327,0.0000272,72,0.00236,0.0015,0.00162
37,0.0000413,0.0000336,0.0000278,74,0.00268,0.00105,0.0021
38,0.0000428,0.0000346,0.0000284,76,0.00252,0.0015,0.00162
39,0.0000445,0.0000356,0.000029,78,0.00268,0.0015,0.00113
40,0.0000462,0.0000367,0.0000296,80,0.00205,0.00105,0.0021
41,0.000048,0.0000378,0.0000303,82,0.00315,0.0015,0.00113
42,0.0000499,0.000039,0.0000309,84,0.00252,0.0015,0.00162
43,0.000052,0.0000402,0.0000316,86,0.00236,0.00195,0.00162
44,0.0000541,0.0000415,0.0000324,88,0.00221,0.00195,0.00113
45,0.0000563,0.0000428,0.0000331,90,0.00221,0.00105,0.00162
46,0.0000586,0.0000442,0.0000339,92,0.00189,0.00105,0.0021
47,0.0000611,0.0000456,0.0000347,94,0.00205,0.00105,0.00162
48,0.0000636,0.0000471,0.0000355,96,0.00173,0.0015,0.00162
49,0.0000663,0.0000486,0.0000363,98,0.00284,0.00105,0.00162
50,0.0000692,0.0000502,0.0000372,100,0.00158,0.0015,0.00162
51,0.0000721,0.0000519,0.0000381,102,0.00236,0.0015,0.0021
52,0.0000753,0.0000537,0.0000391,104,0.00268,0.0015,0.00162
53,0.0000785,0.0000555,0.00004,106,0.00252,0.0015,0.00162
54,0.000082,0.0000574,0.000041,108,0.00158,0.00105,0.0021
55,0.0000856,0.0000594,0.000042,110,0.00236,0.0015,0.0021
56,0.0000894,0.0000615,0.0000431,112,0.00173,0.0015,0.00113
57,0.0000934,0.0000636,0.0000442,114,0.00173,0.0015,0.00162
58,0.0000976,0.0000659,0.0000454,116,0.00189,0.00105,0.0021
59,0.000102,0.0000682,0.0000465,118,0.00158,0.0015,0.00162
60,0.000107,0.0000706,0.0000477,120,0.00173,0.0015,0.00162
61,0.000112,0.0000732,0.000049,122,0.00189,0.00105,0.00113
62,0.000117,0.0000758,0.0000503,124,0.00142,0.0015,0.0021
63,0.000122,0.0000786,0.0000516,126,0.00173,0.00105,0.00162
64,0.000128,0.0000814,0.000053,128,0.00142,0.00105,0.00162
65,0.000134,0.0000844,0.0000545,130,0.00173,0.0015,0.00113
66,0.00014,0.0000875,0.0000559,132,0.00236,0.0015,0.0021
67,0.000146,0.0000908,0.0000575,134,0.00173,0.0015,0.00162
68,0.000153,0.0000941,0.000059,136,0.00142,0.00105,0.00162
69,0.00016,0.0000977,0.0000607,138,0.00142,0.00105,0.0021
70,0.000168,0.000101,0.0000624,140,0.00126,0.00105,0.0021
71,0.000176,0.000105,0.0000641,142,0.0011,0.0015,0.00113
72,0.000184,0.000109,0.0000659,144,0.0011,0.0015,0.00162
73,0.000193,0.000113,0.0000678,146,0.00158,0.0015,0.00113
74,0.000202,0.000118,0.0000697,148,0.00158,0.00105,0.00113
75,0.000212,0.000122,0.0000717,150,0.00142,0.0015,0.00162
76,0.000222,0.000127,0.0000737,152,0.00142,0.00105,0.00162
77,0.000233,0.000132,0.0000758,154,0.00221,0.00105,0.00162
78,0.000244,0.000137,0.000078,156,0.00189,0.00105,0.0021
79,0.000256,0.000142,0.0000803,158,0.0011,0.00105,0.00162
80,0.000268,0.000148,0.0000826,160,0.0011,0.00105,0.00113
81,0.000281,0.000153,0.000085,162,0.0011,0.0015,0.00162
82,0.000295,0.000159,0.0000875,164,0.0011,0.0015,0.0021
83,0.000309,0.000166,0.0000901,166,0.00142,0.0015,0.0021
84,0.000324,0.000172,0.0000928,168,0.0011,0.00105,0.00162
85,0.00034,0.000179,0.0000955,170,0.00126,0.0015,0.00162
86,0.000356,0.000186,0.0000984,172,0.00173,0.00105,0.00162
87,0.000374,0.000193,0.000101,174,0.0011,0.0015,0.0021
88,0.000392,0.000201,0.000104,176,0.00158,0.0015,0.00162
89,0.000411,0.000209,0.000107,178,0.00158,0.00105,0.00113
90,0.000431,0.000217,0.000111,180,0.00142,0.00105,0.0021
91,0.000453,0.000226,0.000114,182,0.00142,0.00105,0.00162
92,0.000475,0.000235,0.000118,184,0.00221,0.00105,0.00275
93,0.000498,0.000244,0.000121,186,0.00189,0.0015,0.00162
94,0.000523,0.000254,0.000125,188,0.0011,0.0015,0.00162
95,0.000549,0.000264,0.000129,190,0.0011,0.0015,0.0021
96,0.000576,0.000275,0.000133,192,0.0011,0.00105,0.00162
97,0.000604,0.000286,0.000137,194,0.0011,0.0015,0.0021
98,0.000634,0.000298,0.000141,196,0.00142,0.00105,0.0021
99,0.000666,0.00031,0.000145,198,0.0011,0.00105,0.00275
100,0.000698,0.000322,0.00015,200,0.00126,0.00105,0.00275
101,0.000733,0.000335,0.000154,202,0.0011,0.00105,0.00162
102,0.000769,0.000349,0.000159,204,0.00158,0.0015,0.00162
103,0.000808,0.000363,0.000164,206,0.00158,0.0015,0.0021
104,0.000848,0.000378,0.000169,208,0.00142,0.0015,0.00275
105,0.00089,0.000393,0.000175,210,0.00142,0.00105,0.00162
106,0.000934,0.000409,0.00018,212,0.00221,0.00105,0.00162
107,0.000981,0.000426,0.000186,214,0.00189,0.0015,0.00275
108,0.001029,0.000443,0.000192,216,0.0011,0.0015,0.00162
109,0.001081,0.000461,0.000198,218,0.0011,0.0015,0.00162
110,0.001134,0.00048,0.000204,220,0.00158,0.00105,0.0021
111,0.001191,0.0005,0.00021,222,0.00158,0.0015,0.00162
112,0.00125,0.00052,0.000217,224,0.00142,0.00105,0.0021
113,0.001313,0.000542,0.000224,226,0.00142,0.00105,0.0021
114,0.001378,0.000564,0.000231,228,0.00221,0.0015,0.00162
115,0.001447,0.000587,0.000238,230,0.00189,0.00195,0.0021
116,0.001519,0.000611,0.000246,232,0.0011,0.00105,0.00162
117,0.001595,0.000636,0.000254,234,0.0011,0.0015,0.00113
118,0.001674,0.000662,0.000262,236,0.0011,0.00105,0.00162
119,0.001758,0.00069,0.00027,238,0.00158,0.00105,0.00162
120,0.001846,0.000718,0.000279,240,0.00158,0.00105,0.00162
121,0.001938,0.000748,0.000288,242,0.00142,0.0015,0.00275
122,0.002035,0.000778,0.000297,244,0.00142,0.0015,0.0021
123,0.002137,0.00081,0.000306,246,0.00221,0.0015,0.00275
124,0.002243,0.000844,0.000316,248,0.00189,0.00105,0.00162
125,0.002355,0.000879,0.000327,250,0.0011,0.00105,0.0021
126,0.002473,0.000915,0.000337,252,0.0011,0.0015,0.0021
127,0.002597,0.000953,0.000348,254,0.0011,0.0015,0.0021
128,0.002727,0.000992,0.000359,256,0.0011,0.0015,0.0021
129,0.002863,0.001033,0.000371,258,0.00142,0.0015,0.00275
130,0.003006,0.001076,0.000383,260,0.0011,0.00195,0.00162
131,0.003156,0.001121,0.000395,262,0.00158,0.0015,0.0021
132,0.003314,0.001167,0.000408,264,0.00158,0.0015,0.0021
133,0.00348,0.001215,0.000421,266,0.00142,0.00105,0.00324
134,0.003654,0.001266,0.000435,268,0.00142,0.00105,0.00275
135,0.003836,0.001318,0.000449,270,0.00221,0.0015,0.0021
136,0.004028,0.001373,0.000464,272,0.00189,0.0015,0.00113
137,0.004229,0.00143,0.000479,274,0.0011,0.0015,0.0021
138,0.004441,0.001489,0.000494,276,0.0011,0.00105,0.0021
139,0.004663,0.001551,0.00051,278,0.0011,0.0015,0.00275
140,0.004896,0.001615,0.000527,280,0.0011,0.00105,0.00324
141,0.00514,0.001682,0.000544,282,0.00158,0.00105,0.00162
142,0.005397,0.001752,0.000562,284,0.00158,0.0015,0.0021
143,0.005667,0.001825,0.00058,286,0.00142,0.00105,0.00162
144,0.005949,0.0019,0.000599,288,0.00142,0.00105,0.00275
145,0.006246,0.001979,0.000619,290,0.00221,0.00105,0.0021
146,0.006558,0.002062,0.000639,292,0.00189,0.00105,0.0021
147,0.006885,0.002147,0.00066,294,0.0011,0.0015,0.00275
148,0.007229,0.002236,0.000682,296,0.0011,0.0015,0.0021
149,0.007589,0.002329,0.000704,298,0.0011,0.0015,0.00162
150,0.007968,0.002426,0.000727,300,0.0011,0.00105,0.0021
151,0.008365,0.002527,0.000751,302,0.00142,0.0015,0.00162
152,0.008781,0.002632,0.000775,304,0.0011,0.00105,0.00275
153,0.009218,0.002741,0.000801,306,0.00126,0.00105,0.00324
154,0.009677,0.002855,0.000827,308,0.00173,0.00105,0.00113
155,0.010159,0.002974,0.000854,310,0.0011,0.0015,0.00113
156,0.010664,0.003097,0.000882,312,0.00158,0.0015,0.00275
157,0.011194,0.003226,0.000911,314,0.00158,0.0015,0.00113
158,0.01175,0.00336,0.000941,316,0.00142,0.00105,0.0021
159,0.012333,0.0035,0.000972,318,0.00142,0.0015,0.0021
160,0.012945,0.003645,0.001004,320,0.00221,0.00105,0.00162
161,0.013587,0.003796,0.001037,322,0.00189,0.0015,0.00113
162,0.014261,0.003954,0.001071,324,0.0011,0.0015,0.00275
163,0.014967,0.004118,0.001107,326,0.0011,0.0015,0.00324
164,0.015707,0.004289,0.001143,328,0.0011,0.0015,0.0021
165,0.016484,0.004468,0.001181,330,0.0011,0.00105,0.00275
166,0.017298,0.004653,0.00122,332,0.00142,0.00195,0.00162
167,0.018152,0.004846,0.00126,334,0.0011,0.00195,0.0021
168,0.019048,0.005048,0.001301,336,0.00126,0.00105,0.00275
169,0.019986,0.005257,0.001344,338,0.00173,0.00105,0.0021
170,0.02097,0.005475,0.001389,340,0.0041,0.00195,0.00162
171,0.022001,0.005703,0.001434,342,0.00488,0.00195,0.0021
172,0.023081,0.005939,0.001482,344,0.0052,0.00105,0.0021
173,0.024214,0.006186,0.00153,346,0.00567,0.0015,0.00275
174,0.0254,0.006442,0.001581,348,0.00662,0.00105,0.0021
175,0.026643,0.00671,0.001633,350,0.00709,0.00105,0.0021
176,0.027945,0.006988,0.001687,352,0.00867,0.0015,0.00275
177,0.029309,0.007277,0.001743,354,0.00961,0.0015,0.0021
178,0.030737,0.007579,0.0018,356,0.00993,0.0015,0.00162
179,0.032233,0.007893,0.00186,358,0.01103,0.00195,0.00162
180,0.033799,0.00822,0.001921,360,0.01261,0.0015,0.00113
181,0.035437,0.00856,0.001985,362,0.0145,0.0015,0.00162
182,0.037153,0.008915,0.00205,364,0.01576,0.0015,0.00162
183,0.038948,0.009284,0.002118,366,0.01718,0.00105,0.0021
184,0.040825,0.009668,0.002188,368,0.01938,0.00105,0.00162
185,0.04279,0.010068,0.00226,370,0.02112,0.0015,0.00162
186,0.044844,0.010484,0.002335,372,0.02301,0.0015,0.0021
187,0.046992,0.010917,0.002412,374,0.02616,0.0015,0.00113
188,0.049238,0.011368,0.002492,376,0.02789,0.00105,0.00162
189,0.051585,0.011837,0.002574,378,0.03089,0.0015,0.00162
190,0.054037,0.012326,0.002659,380,0.03404,0.00105,0.0021
191,0.056599,0.012834,0.002747,382,0.03687,0.00195,0.0021
192,0.059275,0.013363,0.002838,384,0.0405,0.003,0.0021
193,0.062068,0.013914,0.002931,386,0.04396,0.003,0.00275
194,0.064985,0.014486,0.003028,388,0.0479,0.003,0.0021
195,0.068027,0.015083,0.003128,390,0.05263,0.0024,0.0021
196,0.071202,0.015703,0.003232,392,0.05752,0.00345,0.00275
197,0.074512,0.016348,0.003338,394,0.06209,0.00345,0.0021
198,0.077963,0.01702,0.003449,396,0.06744,0.00435,0.00275
199,0.08156,0.017718,0.003563,398,0.07233,0.00435,0.00162
200,0.085307,0.018445,0.00368,400,0.07895,0.0054,0.00162
201,0.089209,0.019201,0.003802,402,0.08478,0.0054,0.0021
202,0.093271,0.019987,0.003928,404,0.09092,0.00585,0.00162
203,0.097497,0.020805,0.004057,406,0.09786,0.0054,0.00113
204,0.101894,0.021656,0.004192,408,0.10463,0.00585,0.00275
205,0.106464,0.02254,0.00433,410,0.11204,0.00736,0.00162
206,0.111214,0.02346,0.004473,412,0.11866,0.00781,0.00113
207,0.116147,0.024416,0.004621,414,0.12591,0.00841,0.00162
208,0.121269,0.025411,0.004773,416,0.1341,0.00931,0.0021
209,0.126584,0.026444,0.004931,418,0.14214,0.00931,0.0021
210,0.132096,0.027519,0.005094,420,0.15112,0.01036,0.0021
211,0.137809,0.028636,0.005262,422,0.16073,0.01336,0.00162
212,0.143727,0.029797,0.005436,424,0.16908,0.01336,0.00324
213,0.149854,0.031003,0.005615,426,0.17917,0.01531,0.00162
214,0.156194,0.032257,0.005801,428,0.18847,0.01576,0.00162
215,0.16275,0.03356,0.005992,430,0.19792,0.01937,0.00113
216,0.169524,0.034913,0.00619,432,0.20942,0.02132,0.0021
217,0.176519,0.036319,0.006394,434,0.21762,0.02342,0.00162
218,0.183738,0.037779,0.006605,436,0.22865,0.02597,0.00113
219,0.191181,0.039295,0.006823,438,0.23921,0.02747,0.00162
220,0.198851,0.04087,0.007048,440,0.24976,0.03003,0.00162
221,0.206748,0.042505,0.00728,442,0.26284,0.03303,0.00162
222,0.214873,0.044202,0.00752,444,0.27246,0.03558,0.00162
223,0.223225,0.045964,0.007768,446,0.28459,0.03933,0.00275
224,0.231803,0.047792,0.008024,448,0.29688,0.04234,0.0021
225,0.240606,0.049689,0.008288,450,0.3098,0.04609,0.00113
226,0.249632,0.051657,0.008561,452,0.32335,0.04969,0.0021
227,0.258879,0.053699,0.008843,454,0.33438,0.0539,0.00162
228,0.268342,0.055817,0.009134,456,0.34715,0.05825,0.00162
229,0.278018,0.058013,0.009435,458,0.35928,0.06245,0.00162
230,0.287902,0.06029,0.009745,460,0.37157,0.06741,0.0021
231,0.297988,0.06265,0.010065,462,0.38512,0.07281,0.0021
232,0.30827,0.065096,0.010396,464,0.39647,0.07777,0.00275
233,0.318742,0.067631,0.010738,466,0.40955,0.08317,0.00275
234,0.329395,0.070256,0.011091,468,0.42468,0.08888,0.0021
235,0.340222,0.072976,0.011455,470,0.43681,0.09338,0.00162
236,0.351212,0.075792,0.011831,472,0.45225,0.10014,0.00275
237,0.362356,0.078707,0.01222,474,0.46407,0.10644,0.00324
238,0.373645,0.081724,0.012621,476,0.47825,0.11335,0.00275
239,0.385066,0.084846,0.013034,478,0.49149,0.1204,0.00275
240,0.396608,0.088076,0.013462,480,0.50504,0.12746,0.00275
241,0.408259,0.091416,0.013903,482,0.52049,0.13406,0.00275
242,0.420007,0.094869,0.014358,484,0.53167,0.14307,0.00162
243,0.431837,0.098438,0.014828,486,0.54617,0.14863,0.00275
244,0.443737,0.102127,0.015313,488,0.56035,0.15658,0.00275
245,0.455693,0.105936,0.015814,490,0.57296,0.16409,0.00275
246,0.467691,0.10987,0.016331,492,0.59045,0.1716,0.00275
247,0.479716,0.113932,0.016865,494,0.60085,0.1806,0.00275
248,0.491753,0.118122,0.017415,496,0.61314,0.18901,0.00324
249,0.50379,0.122446,0.017984,498,0.62669,0.19892,0.00324
250,0.51581,0.126904,0.01857,500,0.63993,0.20823,0.00437
251,0.5278,0.1315,0.019176,502,0.65112,0.21633,0.00324
252,0.539745,0.136236,0.0198,504,0.66436,0.22729,0.00534
253,0.551631,0.141114,0.020445,506,0.67491,0.2357,0.00534
254,0.563444,0.146136,0.02111,508,0.68768,0.24486,0.00647
255,0.575172,0.151305,0.021796,510,0.69824,0.25417,0.00858
256,0.586801,0.156622,0.022504,512,0.70643,0.26437,0.00971
257,0.598318,0.16209,0.023235,514,0.71541,0.27323,0.01068
258,0.609711,0.16771,0.023988,516,0.72502,0.28299,0.01182
259,0.620969,0.173483,0.024766,518,0.73558,0.29275,0.01295
260,0.632081,0.179412,0.025568,520,0.74299,0.30356,0.01457
261,0.643037,0.185496,0.026395,522,0.75039,0.31542,0.0157
262,0.653826,0.191738,0.027248,524,0.75985,0.32653,0.01667
263,0.664441,0.198137,0.028128,526,0.76584,0.33629,0.01829
264,0.674872,0.204694,0.029036,528,0.77356,0.34619,0.01894
265,0.685113,0.21141,0.029972,530,0.78301,0.35715,0.02056
266,0.695156,0.218284,0.030937,532,0.79105,0.36811,0.02169
267,0.704995,0.225316,0.031932,534,0.79735,0.38027,0.02266
268,0.714625,0.232506,0.032958,536,0.80366,0.38913,0.02493
269,0.724042,0.239852,0.034016,538,0.81232,0.40069,0.02655
270,0.733241,0.247354,0.035107,540,0.81721,0.41165,0.02881
271,0.742219,0.255009,0.036231,542,0.82493,0.42561,0.03043
272,0.750974,0.262817,0.03739,544,0.82918,0.43702,0.03318
273,0.759503,0.270774,0.038585,546,0.83722,0.44753,0.03432
274,0.767806,0.278879,0.039816,548,0.84415,0.46029,0.03658
275,0.775881,0.287129,0.041084,550,0.8492,0.47335,0.03933
276,0.783729,0.295519,0.042392,552,0.85629,0.48551,0.0416
277,0.79135,0.304048,0.043738,554,0.8596,0.49797,0.04387
278,0.798744,0.31271,0.045126,556,0.86527,0.50638,0.04613
279,0.805915,0.321502,0.046556,558,0.87047,0.51824,0.04953
280,0.812862,0.330419,0.048028,560,0.87425,0.53025,0.0518
281,0.819588,0.339456,0.049545,562,0.87961,0.54361,0.05584
282,0.826097,0.348607,0.051106,564,0.88544,0.55607,0.0594
283,0.83239,0.357868,0.052715,566,0.88843,0.56643,0.06216
284,0.838472,0.367232,0.054371,568,0.89206,0.57814,0.0675
285,0.844346,0.376692,0.056075,570,0.89805,0.59135,0.07041
286,0.850015,0.386243,0.05783,572,0.90041,0.60351,0.07332
287,0.855484,0.395878,0.059637,574,0.90545,0.61597,0.07867
288,0.860756,0.405588,0.061496,576,0.90923,0.62483,0.08287
289,0.865837,0.415368,0.063409,578,0.91333,0.63894,0.08757
290,0.87073,0.42521,0.065377,580,0.9168,0.6469,0.09129
291,0.87544,0.435105,0.067402,582,0.919,0.65876,0.09485
292,0.879973,0.445046,0.069485,584,0.92058,0.67107,0.10036
293,0.884332,0.455025,0.071627,586,0.92641,0.68068,0.10473
294,0.888522,0.465033,0.07383,588,0.92877,0.69044,0.11152
295,0.892549,0.475063,0.076095,590,0.93035,0.69899,0.1159
296,0.896417,0.485106,0.078423,592,0.93429,0.71191,0.12221
297,0.900131,0.495153,0.080817,594,0.93618,0.72076,0.12852
298,0.903696,0.505196,0.083276,596,0.9365,0.73262,0.13241
299,0.907116,0.515227,0.085804,598,0.94264,0.74328,0.14082
300,0.910397,0.525237,0.0884,600,0.94406,0.75094,0.14535
301,0.913542,0.535218,0.091067,602,0.94658,0.75874,0.15118
302,0.916557,0.545161,0.093806,604,0.9469,0.76805,0.15782
303,0.919447,0.55506,0.096619,606,0.94879,0.77616,0.16526
304,0.922214,0.564905,0.099507,608,0.9543,0.78412,0.17125
305,0.924865,0.574689,0.10247,610,0.95446,0.79237,0.1774
306,0.927403,0.584405,0.105512,612,0.95651,0.79733,0.1842
307,0.929832,0.594044,0.108633,614,0.95635,0.80573,0.19262
308,0.932157,0.6036,0.111834,616,0.96045,0.81414,0.20039
309,0.934381,0.613067,0.115117,618,0.96234,0.8227,0.20816
310,0.936508,0.622437,0.118483,620,0.96313,0.82961,0.21609
311,0.938543,0.631705,0.121934,622,0.96297,0.83666,0.22337
312,0.940488,0.640863,0.125471,624,0.96439,0.84372,0.2313
313,0.942348,0.649907,0.129095,626,0.96691,0.84912,0.23875
314,0.944125,0.658832,0.132807,628,0.9688,0.85453,0.24781
315,0.945824,0.667632,0.136609,630,0.97053,0.85813,0.25397
316,0.947447,0.676303,0.140502,632,0.97069,0.86729,0.26157
317,0.948997,0.68484,0.144487,634,0.9729,0.87104,0.27015
318,0.950477,0.69324,0.148565,636,0.97101,0.8766,0.27954
319,0.951891,0.701498,0.152737,638,0.97479,0.88035,0.28909
320,0.953242,0.709612,0.157004,640,0.97321,0.888,0.29718
321,0.954531,0.717579,0.161367,642,0.97526,0.89176,0.30609
322,0.955761,0.725397,0.165826,644,0.97684,0.89566,0.31353
323,0.956936,0.733062,0.170384,646,0.97731,0.90137,0.32438
324,0.958057,0.740573,0.17504,648,0.97699,0.90527,0.33457
325,0.959126,0.74793,0.179795,650,0.97888,0.90932,0.34234
326,0.960147,0.755129,0.184649,652,0.97951,0.91323,0.35108
327,0.961121,0.762172,0.189604,654,0.98156,0.91713,0.35983
328,0.96205,0.769056,0.194658,656,0.98125,0.92118,0.36792
329,0.962936,0.775782,0.199814,658,0.98519,0.92313,0.37779
330,0.963781,0.782349,0.205071,660,0.98125,0.92719,0.38605
331,0.964587,0.788758,0.210428,662,0.98424,0.93124,0.3943
332,0.965356,0.79501,0.215887,664,0.98361,0.93334,0.40563
333,0.966089,0.801104,0.221447,666,0.98503,0.93545,0.41421
334,0.966788,0.807043,0.227107,668,0.9833,0.9416,0.42473
335,0.967454,0.812826,0.232867,670,0.98802,0.9416,0.43364
336,0.96809,0.818456,0.238728,672,0.98802,0.94565,0.44351
337,0.968695,0.823933,0.244688,674,0.98582,0.94565,0.45354
338,0.969273,0.82926,0.250746,676,0.98771,0.94776,0.46488
339,0.969823,0.834438,0.256902,678,0.98787,0.95196,0.4741
340,0.970348,0.83947,0.263154,680,0.98755,0.95196,0.48252
341,0.970847,0.844357,0.269502,682,0.98976,0.95406,0.4911
342,0.971324,0.849102,0.275944,684,0.98771,0.95616,0.50065
343,0.971778,0.853706,0.28248,686,0.9896,0.95826,0.51052
344,0.972211,0.858173,0.289106,688,0.98976,0.96052,0.52266
345,0.972623,0.862505,0.295822,690,0.98991,0.96262,0.53173
346,0.973016,0.866705,0.302626,692,0.99007,0.96262,0.54192
347,0.97339,0.870774,0.309516,694,0.99433,0.96472,0.55115
348,0.973747,0.874716,0.316489,696,0.99181,0.96682,0.56183
349,0.974087,0.878534,0.323544,698,0.99023,0.96472,0.57122
350,0.974411,0.88223,0.330677,700,0.99212,0.96472,0.5798
351,0.974719,0.885806,0.337888,702,0.99228,0.96682,0.58951
352,0.975013,0.889267,0.345172,704,0.99196,0.96907,0.59809
353,0.975293,0.892614,0.352526,706,0.99401,0.97118,0.60699
354,0.97556,0.895851,0.359949,708,0.99401,0.97118,0.61703
355,0.975814,0.89898,0.367437,710,0.99401,0.97118,0.6248
356,0.976056,0.902003,0.374986,712,0.9959,0.97118,0.63516
357,0.976286,0.904925,0.382594,714,0.99433,0.96907,0.64309
358,0.976506,0.907747,0.390257,716,0.99622,0.97118,0.65377
359,0.976715,0.910473,0.397971,718,0.99606,0.97118,0.66332
360,0.976914,0.913104,0.405733,720,0.99653,0.97118,0.67158
361,0.977104,0.915645,0.413539,722,0.99433,0.97118,0.68129
362,0.977285,0.918096,0.421385,724,0.99433,0.97118,0.68971
363,0.977457,0.920462,0.429267,726,0.99448,0.97118,0.69974
364,0.977621,0.922744,0.437182,728,0.99638,0.97118,0.70541
365,0.977777,0.924945,0.445124,730,0.9959,0.97343,0.71577
366,0.977926,0.927068,0.453091,732,0.99638,0.97343,0.72159
367,0.978067,0.929114,0.461078,734,0.99842,0.97553,0.7305
368,0.978202,0.931087,0.46908,736,0.99795,0.97553,0.73665
369,0.978331,0.932989,0.477094,738,0.99622,0.97988,0.74571
370,0.978453,0.934822,0.485115,740,0.99858,0.97988,0.75186
371,0.978569,0.936588,0.493138,742,0.9959,0.97988,0.76287
372,0.97868,0.938289,0.501161,744,0.99653,0.98213,0.76918
373,0.978786,0.939928,0.509177,746,0.99606,0.98213,0.77711
374,0.978887,0.941506,0.517184,748,0.99622,0.98439,0.78359
375,0.978982,0.943026,0.525176,750,0.99653,0.98649,0.79168
376,0.979074,0.94449,0.53315,752,0.99874,0.98649,0.7967
377,0.97916,0.945899,0.541101,754,0.99874,0.98649,0.80333
378,0.979243,0.947256,0.549025,756,0.9989,0.98649,0.80997
379,0.979322,0.948561,0.556918,758,0.99842,0.98649,0.81499
380,0.979397,0.949818,0.564777,760,0.99858,0.98649,0.82179
381,0.979468,0.951027,0.572596,762,0.99638,0.98649,0.82875
382,0.979536,0.952191,0.580373,764,0.99685,0.98649,0.83215
383,0.979601,0.953311,0.588103,766,0.99653,0.98874,0.83749
384,0.979663,0.954388,0.595783,768,0.99842,0.99099,0.84267
385,0.979722,0.955424,0.60341,770,0.99842,0.98874,0.84623
386,0.979777,0.956421,0.610979,772,0.99858,0.99099,0.85157
387,0.979831,0.95738,0.618487,774,0.99622,0.98874,0.85513
388,0.979881,0.958302,0.625932,776,0.99858,0.99099,0.86047
389,0.97993,0.959189,0.63331,778,0.99811,0.99099,0.8642
390,0.979976,0.960042,0.640617,780,0.9989,0.99099,0.86598
391,0.980019,0.960861,0.647852,782,1,0.99099,0.8697
392,0.980061,0.96165,0.655011,784,0.99795,0.99099,0.8752
393,0.980101,0.962408,0.662092,786,0.99606,0.99099,0.87698
394,0.980139,0.963136,0.669093,788,0.99653,0.99099,0.88249
395,0.980175,0.963836,0.67601,790,0.99842,0.99324,0.88443
396,0.980209,0.96451,0.682843,792,0.99653,0.99099,0.88815
397,0.980241,0.965157,0.689588,794,0.99842,0.99324,0.89187
398,0.980272,0.965779,0.696244,796,0.99842,0.99324,0.89382
399,0.980302,0.966376,0.70281,798,0.99858,0.99099,0.8977
400,0.98033,0.966951,0.709283,800,0.99622,0.99324,0.89948
401,0.980357,0.967503,0.715662,802,0.97069,0.99324,0.90142
402,0.980383,0.968033,0.721946,804,0.9729,0.99324,0.90531
403,0.980407,0.968543,0.728134,806,0.97101,0.99099,0.90919
404,0.98043,0.969032,0.734225,808,0.97479,0.99324,0.91114
405,0.980452,0.969503,0.740217,810,0.97321,0.99324,0.91502
406,0.980473,0.969955,0.74611,812,0.97526,0.99099,0.91696
407,0.980493,0.970389,0.751904,814,0.97684,0.99324,0.91891
408,0.980512,0.970806,0.757597,816,0.97731,0.9955,0.92279
409,0.98053,0.971207,0.76319,818,0.97699,0.9955,0.92489
410,0.980547,0.971592,0.768682,820,0.97888,0.9955,0.92489
411,0.980564,0.971962,0.774073,822,0.97951,0.9955,0.92684
412,0.980579,0.972317,0.779363,824,0.98156,0.9955,0.93072
413,0.980594,0.972659,0.784552,826,0.98125,0.9955,0.93283
414,0.980608,0.972986,0.78964,828,0.98519,0.9955,0.93477
415,0.980622,0.973301,0.794627,830,0.98125,0.99324,0.93687
416,0.980635,0.973604,0.799515,832,0.98424,0.9955,0.93882
417,0.980647,0.973894,0.804302,834,0.98361,0.9955,0.94092
418,0.980659,0.974173,0.808991,836,0.98503,0.99775,0.94286
419,0.98067,0.974441,0.813581,838,0.9833,0.9955,0.94497
420,0.98068,0.974698,0.818073,840,0.98802,0.9955,0.94691
421,0.98069,0.974945,0.822468,842,0.98802,0.9955,0.94691
422,0.9807,0.975182,0.826766,844,0.98582,0.99775,0.95112
423,0.980709,0.97541,0.830969,846,0.98771,0.9955,0.95112
424,0.980718,0.975629,0.835078,848,0.98787,0.9955,0.95516
425,0.980726,0.975839,0.839093,850,0.98755,0.9955,0.95727
426,0.980734,0.976041,0.843017,852,0.98976,0.9955,0.95727
427,0.980741,0.976235,0.846848,854,0.98771,0.99775,0.95937
428,0.980748,0.976421,0.85059,856,0.9896,0.9955,0.95937
429,0.980755,0.976599,0.854243,858,0.98976,0.9955,0.96148
430,0.980762,0.976771,0.857809,860,0.98991,0.9955,0.96342
431,0.980768,0.976936,0.861288,862,0.99007,0.9955,0.96552
432,0.980774,0.977094,0.864682,864,0.99433,0.99775,0.96763
433,0.980779,0.977246,0.867992,866,0.99181,0.99775,0.96763
434,0.980784,0.977391,0.87122,868,0.99023,0.99775,0.96973
435,0.98079,0.977531,0.874367,870,0.99212,0.99775,0.96973
436,0.980794,0.977666,0.877435,872,0.99228,0.9955,0.96973
437,0.980799,0.977795,0.880424,874,0.99196,0.9955,0.96973
438,0.980803,0.977919,0.883337,876,0.99401,0.9955,0.9741
439,0.980807,0.978038,0.886174,878,0.99401,0.9955,0.9741
440,0.980811,0.978152,0.888937,880,0.99401,0.99775,0.97621
441,0.980815,0.978261,0.891628,882,0.9959,0.99775,0.97621
442,0.980819,0.978367,0.894247,884,0.99433,0.9955,0.97831
443,0.980822,0.978468,0.896798,886,0.99622,0.99775,0.97831
444,0.980825,0.978565,0.899279,888,0.99606,0.9955,0.98041
445,0.980829,0.978658,0.901694,890,0.99653,0.9955,0.97831
446,0.980831,0.978747,0.904044,892,0.99433,1,0.98041
447,0.980834,0.978833,0.90633,894,0.99433,0.99775,0.98252
448,0.980837,0.978916,0.908553,896,0.99448,0.99775,0.98041
449,0.980839,0.978995,0.910715,898,0.99638,0.99775,0.98041
450,0.980842,0.979071,0.912817,900,0.9959,0.99775,0.98478
451,0.980844,0.979143,0.914861,902,0.9959,0.99775,0.98478
452,0.980846,0.979213,0.916848,904,0.9959,0.99775,0.98478
453,0.980848,0.979281,0.918779,906,0.9959,0.99775,0.98478
454,0.98085,0.979345,0.920656,908,0.9959,0.99775,0.98478
455,0.980852,0.979407,0.922479,910,0.9959,0.99775,0.98478
456,0.980854,0.979467,0.924251,912,0.9959,0.99775,0.98478
457,0.980856,0.979524,0.925972,914,0.9959,0.99775,0.98478
458,0.980858,0.979578,0.927644,916,0.9959,0.99775,0.98478
459,0.980859,0.979631,0.929268,918,0.9959,0.99775,0.98478
460,0.980861,0.979681,0.930845,920,0.9959,0.99775,0.98478
461,0.980862,0.97973,0.932377,922,0.9959,0.99775,0.98478
462,0.980863,0.979776,0.933863,924,0.9959,0.99775,0.98478
463,0.980865,0.979821,0.935307,926,0.9959,0.99775,0.98478
464,0.980866,0.979864,0.936708,928,0.9959,0.99775,0.98478
465,0.980867,0.979905,0.938068,930,0.9959,0.99775,0.98478
466,0.980868,0.979945,0.939389,932,0.9959,0.99775,0.98478
467,0.980869,0.979983,0.94067,934,0.9959,0.99775,0.98478
468,0.98087,0.980019,0.941913,936,0.9959,0.99775,0.98478
469,0.980871,0.980054,0.94312,938,0.9959,0.99775,0.98478
470,0.980872,0.980087,0.94429,940,0.9959,0.99775,0.98478
471,0.980873,0.98012,0.945426,942,0.9959,0.99775,0.98478
472,0.980874,0.980151,0.946527,944,0.9959,0.99775,0.98478
473,0.980874,0.98018,0.947596,946,0.9959,0.99775,0.98478
474,0.980875,0.980209,0.948633,948,0.9959,0.99775,0.98478
475,0.980876,0.980236,0.949638,950,0.9959,0.99775,0.98478
476,0.980877,0.980262,0.950613,952,0.9959,0.99775,0.98478
477,0.980877,0.980287,0.951558,954,0.9959,0.99775,0.98478
478,0.980878,0.980312,0.952475,956,0.9959,0.99775,0.98478
479,0.980878,0.980335,0.953364,958,0.9959,0.99775,0.98478
480,0.980879,0.980357,0.954226,960,0.9959,0.99775,0.98478
481,0.98088,0.980378,0.955062,962,0.9959,0.99775,0.98478
482,0.98088,0.980399,0.955872,964,0.9959,0.99775,0.98478
483,0.98088,0.980419,0.956658,966,0.9959,0.99775,0.98478
484,0.980881,0.980438,0.957419,968,0.9959,0.99775,0.98478
485,0.980881,0.980456,0.958157,970,0.9959,0.99775,0.98478
486,0.980882,0.980473,0.958873,972,0.9959,0.99775,0.98478
487,0.980882,0.98049,0.959566,974,0.9959,0.99775,0.98478
488,0.980883,0.980506,0.960238,976,0.9959,0.99775,0.98478
489,0.980883,0.980521,0.960889,978,0.9959,0.99775,0.98478
490,0.980883,0.980536,0.961521,980,0.9959,0.99775,0.98478
491,0.980884,0.98055,0.962132,982,0.9959,0.99775,0.98478
492,0.980884,0.980564,0.962725,984,0.9959,0.99775,0.98478
493,0.980884,0.980577,0.963299,986,0.9959,0.99775,0.98478
494,0.980884,0.98059,0.963856,988,0.9959,0.99775,0.98478
495,0.980885,0.980602,0.964395,990,0.9959,0.99775,0.98478
496,0.980885,0.980613,0.964917,992,0.9959,0.99775,0.98478
497,0.980885,0.980624,0.965423,994,0.9959,0.99775,0.98478
498,0.980885,0.980635,0.965913,996,0.9959,0.99775,0.98478
499,0.980886,0.980645,0.966388,998,0.9959,0.99775,0.98478
500,0.980886,0.980655,0.966849,1000,0.9959,0.99775,0.98478
501,0.980886,0.980665,0.967294,,,,
502,0.980886,0.980674,0.967726,,,,
503,0.980886,0.980682,0.968144,,,,
504,0.980887,0.980691,0.96855,,,,
505,0.980887,0.980699,0.968942,,,,
506,0.980887,0.980706,0.969322,,,,
507,0.980887,0.980714,0.96969,,,,
508,0.980887,0.980721,0.970047,,,,
509,0.980887,0.980728,0.970392,,,,
510,0.980887,0.980734,0.970727,,,,
511,0.980888,0.98074,0.97105,,,,
512,0.980888,0.980746,0.971364,,,,
513,0.980888,0.980752,0.971668,,,,
514,0.980888,0.980758,0.971962,,,,
515,0.980888,0.980763,0.972247,,,,
516,0.980888,0.980768,0.972523,,,,
517,0.980888,0.980773,0.97279,,,,
518,0.980888,0.980778,0.973049,,,,
519,0.980888,0.980782,0.973299,,,,
520,0.980888,0.980786,0.973542,,,,
521,0.980889,0.980791,0.973776,,,,
522,0.980889,0.980795,0.974004,,,,
523,0.980889,0.980798,0.974224,,,,
524,0.980889,0.980802,0.974437,,,,
525,0.980889,0.980806,0.974644,,,,
526,0.980889,0.980809,0.974843,,,,
527,0.980889,0.980812,0.975037,,,,
528,0.980889,0.980815,0.975224,,,,
529,0.980889,0.980818,0.975406,,,,
530,0.980889,0.980821,0.975581,,,,
531,0.980889,0.980824,0.975751,,,,
532,0.980889,0.980827,0.975916,,,,
533,0.980889,0.980829,0.976075,,,,
534,0.980889,0.980832,0.976229,,,,
535,0.980889,0.980834,0.976379,,,,
536,0.980889,0.980836,0.976523,,,,
537,0.980889,0.980838,0.976663,,,,
538,0.980889,0.98084,0.976799,,,,
539,0.980889,0.980842,0.97693,,,,
540,0.980889,0.980844,0.977057,,,,
541,0.980889,0.980846,0.97718,,,,
542,0.980889,0.980848,0.977299,,,,
543,0.980889,0.98085,0.977414,,,,
544,0.98089,0.980851,0.977526,,,,
545,0.98089,0.980853,0.977634,,,,
546,0.98089,0.980854,0.977738,,,,
547,0.98089,0.980856,0.977839,,,,
548,0.98089,0.980857,0.977937,,,,
549,0.98089,0.980858,0.978032,,,,
550,0.98089,0.98086,0.978124,,,,
551,0.98089,0.980861,0.978212,,,,
552,0.98089,0.980862,0.978298,,,,
553,0.98089,0.980863,0.978382,,,,
554,0.98089,0.980864,0.978462,,,,
555,0.98089,0.980865,0.97854,,,,
556,0.98089,0.980866,0.978616,,,,
557,0.98089,0.980867,0.978689,,,,
558,0.98089,0.980868,0.978759,,,,
559,0.98089,0.980869,0.978828,,,,
560,0.98089,0.98087,0.978894,,,,
561,0.98089,0.980871,0.978958,,,,
562,0.98089,0.980871,0.97902,,,,
563,0.98089,0.980872,0.97908,,,,
564,0.98089,0.980873,0.979138,,,,
565,0.98089,0.980874,0.979195,,,,
566,0.98089,0.980874,0.979249,,,,
567,0.98089,0.980875,0.979302,,,,
568,0.98089,0.980876,0.979353,,,,
569,0.98089,0.980876,0.979402,,,,
570,0.98089,0.980877,0.97945,,,,
571,0.98089,0.980877,0.979497,,,,
572,0.98089,0.980878,0.979541,,,,
573,0.98089,0.980878,0.979585,,,,
574,0.98089,0.980879,0.979627,,,,
575,0.98089,0.980879,0.979667,,,,
576,0.98089,0.98088,0.979707,,,,
577,0.98089,0.98088,0.979745,,,,
578,0.98089,0.98088,0.979781,,,,
579,0.98089,0.980881,0.979817,,,,
580,0.98089,0.980881,0.979852,,,,
581,0.98089,0.980881,0.979885,,,,
582,0.98089,0.980882,0.979917,,,,
583,0.98089,0.980882,0.979949,,,,
584,0.98089,0.980882,0.979979,,,,
585,0.98089,0.980883,0.980008,,,,
586,0.98089,0.980883,0.980037,,,,
587,0.98089,0.980883,0.980064,,,,
588,0.98089,0.980884,0.980091,,,,
589,0.98089,0.980884,0.980116,,,,
590,0.98089,0.980884,0.980141,,,,
591,0.98089,0.980884,0.980165,,,,
592,0.98089,0.980885,0.980189,,,,
593,0.98089,0.980885,0.980211,,,,
594,0.98089,0.980885,0.980233,,,,
595,0.98089,0.980885,0.980254,,,,
596,0.98089,0.980885,0.980275,,,,
597,0.98089,0.980886,0.980294,,,,
598,0.98089,0.980886,0.980314,,,,
599,0.98089,0.980886,0.980332,,,,
600,0.98089,0.980886,0.98035,,,,
601,0.98089,0.980886,0.980367,,,,
602,0.98089,0.980886,0.980384,,,,
603,0.98089,0.980887,0.9804,,,,
604,0.98089,0.980887,0.980416,,,,
605,0.98089,0.980887,0.980431,,,,
606,0.98089,0.980887,0.980446,,,,
607,0.98089,0.980887,0.980461,,,,
608,0.98089,0.980887,0.980474,,,,
609,0.98089,0.980887,0.980488,,,,
610,0.98089,0.980887,0.980501,,,,
611,0.98089,0.980888,0.980513,,,,
612,0.98089,0.980888,0.980525,,,,
613,0.98089,0.980888,0.980537,,,,
614,0.98089,0.980888,0.980548,,,,
615,0.98089,0.980888,0.980559,,,,
616,0.98089,0.980888,0.98057,,,,
617,0.98089,0.980888,0.98058,,,,
618,0.98089,0.980888,0.98059,,,,
619,0.98089,0.980888,0.9806,,,,
620,0.98089,0.980888,0.980609,,,,
621,0.98089,0.980888,0.980618,,,,
622,0.98089,0.980888,0.980627,,,,
623,0.98089,0.980888,0.980636,,,,
624,0.98089,0.980889,0.980644,,,,
625,0.98089,0.980889,0.980652,,,,
626,0.98089,0.980889,0.980659,,,,
627,0.98089,0.980889,0.980667,,,,
628,0.98089,0.980889,0.980674,,,,
629,0.98089,0.980889,0.980681,,,,
630,0.98089,0.980889,0.980688,,,,
631,0.98089,0.980889,0.980694,,,,
632,0.98089,0.980889,0.9807,,,,
633,0.98089,0.980889,0.980707,,,,
634,0.98089,0.980889,0.980712,,,,
635,0.98089,0.980889,0.980718,,,,
636,0.98089,0.980889,0.980724,,,,
637,0.98089,0.980889,0.980729,,,,
638,0.98089,0.980889,0.980734,,,,
639,0.98089,0.980889,0.980739,,,,
640,0.98089,0.980889,0.980744,,,,
641,0.98089,0.980889,0.980749,,,,
642,0.98089,0.980889,0.980753,,,,
643,0.98089,0.980889,0.980758,,,,
644,0.98089,0.980889,0.980762,,,,
645,0.98089,0.980889,0.980766,,,,
646,0.98089,0.980889,0.98077,,,,
647,0.98089,0.980889,0.980774,,,,
648,0.98089,0.980889,0.980778,,,,
649,0.98089,0.980889,0.980781,,,,
650,0.98089,0.980889,0.980785,,,,
651,0.98089,0.98089,0.980788,,,,
652,0.98089,0.98089,0.980791,,,,
653,0.98089,0.98089,0.980795,,,,
654,0.98089,0.98089,0.980798,,,,
655,0.98089,0.98089,0.980801,,,,
656,0.98089,0.98089,0.980804,,,,
657,0.98089,0.98089,0.980806,,,,
658,0.98089,0.98089,0.980809,,,,
659,0.98089,0.98089,0.980812,,,,
660,0.98089,0.98089,0.980814,,,,
661,0.98089,0.98089,0.980817,,,,
662,0.98089,0.98089,0.980819,,,,
663,0.98089,0.98089,0.980821,,,,
664,0.98089,0.98089,0.980823,,,,
665,0.98089,0.98089,0.980826,,,,
666,0.98089,0.98089,0.980828,,,,
667,0.98089,0.98089,0.98083,,,,
668,0.98089,0.98089,0.980832,,,,
669,0.98089,0.98089,0.980834,,,,
670,0.98089,0.98089,0.980835,,,,
671,0.98089,0.98089,0.980837,,,,
672,0.98089,0.98089,0.980839,,,,
673,0.98089,0.98089,0.98084,,,,
674,0.98089,0.98089,0.980842,,,,
675,0.98089,0.98089,0.980844,,,,
676,0.98089,0.98089,0.980845,,,,
677,0.98089,0.98089,0.980847,,,,
678,0.98089,0.98089,0.980848,,,,
679,0.98089,0.98089,0.980849,,,,
680,0.98089,0.98089,0.980851,,,,
681,0.98089,0.98089,0.980852,,,,
682,0.98089,0.98089,0.980853,,,,
683,0.98089,0.98089,0.980854,,,,
684,0.98089,0.98089,0.980855,,,,
685,0.98089,0.98089,0.980857,,,,
686,0.98089,0.98089,0.980858,,,,
687,0.98089,0.98089,0.980859,,,,
688,0.98089,0.98089,0.98086,,,,
689,0.98089,0.98089,0.980861,,,,
690,0.98089,0.98089,0.980862,,,,
691,0.98089,0.98089,0.980862,,,,
692,0.98089,0.98089,0.980863,,,,
693,0.98089,0.98089,0.980864,,,,
694,0.98089,0.98089,0.980865,,,,
695,0.98089,0.98089,0.980866,,,,
696,0.98089,0.98089,0.980867,,,,
697,0.98089,0.98089,0.980867,,,,
698,0.98089,0.98089,0.980868,,,,
699,0.98089,0.98089,0.980869,,,,
700,0.98089,0.98089,0.98087,,,,
701,0.98089,0.98089,0.98087,,,,
702,0.98089,0.98089,0.980871,,,,
703,0.98089,0.98089,0.980871,,,,
704,0.98089,0.98089,0.980872,,,,
705,0.98089,0.98089,0.980873,,,,
706,0.98089,0.98089,0.980873,,,,
707,0.98089,0.98089,0.980874,,,,
708,0.98089,0.98089,0.980874,,,,
709,0.98089,0.98089,0.980875,,,,
710,0.98089,0.98089,0.980875,,,,
711,0.98089,0.98089,0.980876,,,,
712,0.98089,0.98089,0.980876,,,,
713,0.98089,0.98089,0.980877,,,,
714,0.98089,0.98089,0.980877,,,,
715,0.98089,0.98089,0.980877,,,,
716,0.98089,0.98089,0.980878,,,,
717,0.98089,0.98089,0.980878,,,,
718,0.98089,0.98089,0.980879,,,,
719,0.98089,0.98089,0.980879,,,,
720,0.98089,0.98089,0.980879,,,,
721,0.98089,0.98089,0.98088,,,,
722,0.98089,0.98089,0.98088,,,,
723,0.98089,0.98089,0.98088,,,,
724,0.98089,0.98089,0.980881,,,,
725,0.98089,0.98089,0.980881,,,,
726,0.98089,0.98089,0.980881,,,,
727,0.98089,0.98089,0.980882,,,,
728,0.98089,0.98089,0.980882,,,,
729,0.98089,0.98089,0.980882,,,,
730,0.98089,0.98089,0.980882,,,,
731,0.98089,0.98089,0.980883,,,,
732,0.98089,0.98089,0.980883,,,,
733,0.98089,0.98089,0.980883,,,,
734,0.98089,0.98089,0.980883,,,,
735,0.98089,0.98089,0.980883,,,,
736,0.98089,0.98089,0.980884,,,,
737,0.98089,0.98089,0.980884,,,,
738,0.98089,0.98089,0.980884,,,,
739,0.98089,0.98089,0.980884,,,,
740,0.98089,0.98089,0.980884,,,,
741,0.98089,0.98089,0.980885,,,,
742,0.98089,0.98089,0.980885,,,,
743,0.98089,0.98089,0.980885,,,,
744,0.98089,0.98089,0.980885,,,,
745,0.98089,0.98089,0.980885,,,,
746,0.98089,0.98089,0.980885,,,,
747,0.98089,0.98089,0.980886,,,,
748,0.98089,0.98089,0.980886,,,,
749,0.98089,0.98089,0.980886,,,,
750,0.98089,0.98089,0.980886,,,,
751,0.98089,0.98089,0.980886,,,,
752,0.98089,0.98089,0.980886,,,,
753,0.98089,0.98089,0.980886,,,,
754,0.98089,0.98089,0.980886,,,,
755,0.98089,0.98089,0.980887,,,,
756,0.98089,0.98089,0.980887,,,,
757,0.98089,0.98089,0.980887,,,,
758,0.98089,0.98089,0.980887,,,,
759,0.98089,0.98089,0.980887,,,,
760,0.98089,0.98089,0.980887,,,,
761,0.98089,0.98089,0.980887,,,,
762,0.98089,0.98089,0.980887,,,,
763,0.98089,0.98089,0.980887,,,,
764,0.98089,0.98089,0.980887,,,,
765,0.98089,0.98089,0.980888,,,,
766,0.98089,0.98089,0.980888,,,,
767,0.98089,0.98089,0.980888,,,,
768,0.98089,0.98089,0.980888,,,,
769,0.98089,0.98089,0.980888,,,,
770,0.98089,0.98089,0.980888,,,,
771,0.98089,0.98089,0.980888,,,,
772,0.98089,0.98089,0.980888,,,,
773,0.98089,0.98089,0.980888,,,,
774,0.98089,0.98089,0.980888,,,,
775,0.98089,0.98089,0.980888,,,,
776,0.98089,0.98089,0.980888,,,,
777,0.98089,0.98089,0.980888,,,,
778,0.98089,0.98089,0.980888,,,,
779,0.98089,0.98089,0.980888,,,,
780,0.98089,0.98089,0.980889,,,,
781,0.98089,0.98089,0.980889,,,,
782,0.98089,0.98089,0.980889,,,,
783,0.98089,0.98089,0.980889,,,,
784,0.98089,0.98089,0.980889,,,,
785,0.98089,0.98089,0.980889,,,,
786,0.98089,0.98089,0.980889,,,,
787,0.98089,0.98089,0.980889,,,,
788,0.98089,0.98089,0.980889,,,,
789,0.98089,0.98089,0.980889,,,,
790,0.98089,0.98089,0.980889,,,,
791,0.98089,0.98089,0.980889,,,,
792,0.98089,0.98089,0.980889,,,,
793,0.98089,0.98089,0.980889,,,,
794,0.98089,0.98089,0.980889,,,,
795,0.98089,0.98089,0.980889,,,,
796,0.98089,0.98089,0.980889,,,,
797,0.98089,0.98089,0.980889,,,,
798,0.98089,0.98089,0.980889,,,,
799,0.98089,0.98089,0.980889,,,,
800,0.98089,0.98089,0.980889,,,,
801,0.98089,0.98089,0.980889,,,,
802,0.98089,0.98089,0.980889,,,,
803,0.98089,0.98089,0.980889,,,,
804,0.98089,0.98089,0.980889,,,,
805,0.98089,0.98089,0.980889,,,,
806,0.98089,0.98089,0.980889,,,,
807,0.98089,0.98089,0.980889,,,,
808,0.98089,0.98089,0.980889,,,,
809,0.98089,0.98089,0.980889,,,,
810,0.98089,0.98089,0.980889,,,,
811,0.98089,0.98089,0.980889,,,,
812,0.98089,0.98089,0.980889,,,,
813,0.98089,0.98089,0.980889,,,,
814,0.98089,0.98089,0.98089,,,,
815,0.98089,0.98089,0.98089,,,,
816,0.98089,0.98089,0.98089,,,,
817,0.98089,0.98089,0.98089,,,,
818,0.98089,0.98089,0.98089,,,,
819,0.98089,0.98089,0.98089,,,,
820,0.98089,0.98089,0.98089,,,,
821,0.98089,0.98089,0.98089,,,,
822,0.98089,0.98089,0.98089,,,,
823,0.98089,0.98089,0.98089,,,,
824,0.98089,0.98089,0.98089,,,,
825,0.98089,0.98089,0.98089,,,,
826,0.98089,0.98089,0.98089,,,,
827,0.98089,0.98089,0.98089,,,,
828,0.98089,0.98089,0.98089,,,,
829,0.98089,0.98089,0.98089,,,,
830,0.98089,0.98089,0.98089,,,,
831,0.98089,0.98089,0.98089,,,,
832,0.98089,0.98089,0.98089,,,,
833,0.98089,0.98089,0.98089,,,,
834,0.98089,0.98089,0.98089,,,,
835,0.98089,0.98089,0.98089,,,,
836,0.98089,0.98089,0.98089,,,,
837,0.98089,0.98089,0.98089,,,,
838,0.98089,0.98089,0.98089,,,,
839,0.98089,0.98089,0.98089,,,,
840,0.98089,0.98089,0.98089,,,,
841,0.98089,0.98089,0.98089,,,,
842,0.98089,0.98089,0.98089,,,,
843,0.98089,0.98089,0.98089,,,,
844,0.98089,0.98089,0.98089,,,,
845,0.98089,0.98089,0.98089,,,,
846,0.98089,0.98089,0.98089,,,,
847,0.98089,0.98089,0.98089,,,,
848,0.98089,0.98089,0.98089,,,,
849,0.98089,0.98089,0.98089,,,,
850,0.98089,0.98089,0.98089,,,,
851,0.98089,0.98089,0.98089,,,,
852,0.98089,0.98089,0.98089,,,,
853,0.98089,0.98089,0.98089,,,,
854,0.98089,0.98089,0.98089,,,,
855,0.98089,0.98089,0.98089,,,,
856,0.98089,0.98089,0.98089,,,,
857,0.98089,0.98089,0.98089,,,,
858,0.98089,0.98089,0.98089,,,,
859,0.98089,0.98089,0.98089,,,,
860,0.98089,0.98089,0.98089,,,,
861,0.98089,0.98089,0.98089,,,,
862,0.98089,0.98089,0.98089,,,,
863,0.98089,0.98089,0.98089,,,,
864,0.98089,0.98089,0.98089,,,,
865,0.98089,0.98089,0.98089,,,,
866,0.98089,0.98089,0.98089,,,,
867,0.98089,0.98089,0.98089,,,,
868,0.98089,0.98089,0.98089,,,,
869,0.98089,0.98089,0.98089,,,,
870,0.98089,0.98089,0.98089,,,,
871,0.98089,0.98089,0.98089,,,,
872,0.98089,0.98089,0.98089,,,,
873,0.98089,0.98089,0.98089,,,,
874,0.98089,0.98089,0.98089,,,,
875,0.98089,0.98089,0.98089,,,,
876,0.98089,0.98089,0.98089,,,,
877,0.98089,0.98089,0.98089,,,,
878,0.98089,0.98089,0.98089,,,,
879,0.98089,0.98089,0.98089,,,,
880,0.98089,0.98089,0.98089,,,,
881,0.98089,0.98089,0.98089,,,,
882,0.98089,0.98089,0.98089,,,,
883,0.98089,0.98089,0.98089,,,,
884,0.98089,0.98089,0.98089,,,,
885,0.98089,0.98089,0.98089,,,,
886,0.98089,0.98089,0.98089,,,,
887,0.98089,0.98089,0.98089,,,,
888,0.98089,0.98089,0.98089,,,,
889,0.98089,0.98089,0.98089,,,,
890,0.98089,0.98089,0.98089,,,,
891,0.98089,0.98089,0.98089,,,,
892,0.98089,0.98089,0.98089,,,,
893,0.98089,0.98089,0.98089,,,,
894,0.98089,0.98089,0.98089,,,,
895,0.98089,0.98089,0.98089,,,,
896,0.98089,0.98089,0.98089,,,,
897,0.98089,0.98089,0.98089,,,,
898,0.98089,0.98089,0.98089,,,,
899,0.98089,0.98089,0.98089,,,,
900,0.98089,0.98089,0.98089,,,,
901,0.98089,0.98089,0.98089,,,,
902,0.98089,0.98089,0.98089,,,,
903,0.98089,0.98089,0.98089,,,,
904,0.98089,0.98089,0.98089,,,,
905,0.98089,0.98089,0.98089,,,,
906,0.98089,0.98089,0.98089,,,,
907,0.98089,0.98089,0.98089,,,,
908,0.98089,0.98089,0.98089,,,,
909,0.98089,0.98089,0.98089,,,,
910,0.98089,0.98089,0.98089,,,,
911,0.98089,0.98089,0.98089,,,,
912,0.98089,0.98089,0.98089,,,,
913,0.98089,0.98089,0.98089,,,,
914,0.98089,0.98089,0.98089,,,,
915,0.98089,0.98089,0.98089,,,,
916,0.98089,0.98089,0.98089,,,,
917,0.98089,0.98089,0.98089,,,,
918,0.98089,0.98089,0.98089,,,,
919,0.98089,0.98089,0.98089,,,,
920,0.98089,0.98089,0.98089,,,,
921,0.98089,0.98089,0.98089,,,,
922,0.98089,0.98089,0.98089,,,,
923,0.98089,0.98089,0.98089,,,,
924,0.98089,0.98089,0.98089,,,,
925,0.98089,0.98089,0.98089,,,,
926,0.98089,0.98089,0.98089,,,,
927,0.98089,0.98089,0.98089,,,,
928,0.98089,0.98089,0.98089,,,,
929,0.98089,0.98089,0.98089,,,,
930,0.98089,0.98089,0.98089,,,,
931,0.98089,0.98089,0.98089,,,,
932,0.98089,0.98089,0.98089,,,,
933,0.98089,0.98089,0.98089,,,,
934,0.98089,0.98089,0.98089,,,,
935,0.98089,0.98089,0.98089,,,,
936,0.98089,0.98089,0.98089,,,,
937,0.98089,0.98089,0.98089,,,,
938,0.98089,0.98089,0.98089,,,,
939,0.98089,0.98089,0.98089,,,,
940,0.98089,0.98089,0.98089,,,,
941,0.98089,0.98089,0.98089,,,,
942,0.98089,0.98089,0.98089,,,,
943,0.98089,0.98089,0.98089,,,,
944,0.98089,0.98089,0.98089,,,,
945,0.98089,0.98089,0.98089,,,,
946,0.98089,0.98089,0.98089,,,,
947,0.98089,0.98089,0.98089,,,,
948,0.98089,0.98089,0.98089,,,,
949,0.98089,0.98089,0.98089,,,,
950,0.98089,0.98089,0.98089,,,,
951,0.98089,0.98089,0.98089,,,,
952,0.98089,0.98089,0.98089,,,,
953,0.98089,0.98089,0.98089,,,,
954,0.98089,0.98089,0.98089,,,,
955,0.98089,0.98089,0.98089,,,,
956,0.98089,0.98089,0.98089,,,,
957,0.98089,0.98089,0.98089,,,,
958,0.98089,0.98089,0.98089,,,,
959,0.98089,0.98089,0.98089,,,,
960,0.98089,0.98089,0.98089,,,,
961,0.98089,0.98089,0.98089,,,,
962,0.98089,0.98089,0.98089,,,,
963,0.98089,0.98089,0.98089,,,,
964,0.98089,0.98089,0.98089,,,,
965,0.98089,0.98089,0.98089,,,,
966,0.98089,0.98089,0.98089,,,,
967,0.98089,0.98089,0.98089,,,,
968,0.98089,0.98089,0.98089,,,,
969,0.98089,0.98089,0.98089,,,,
970,0.98089,0.98089,0.98089,,,,
971,0.98089,0.98089,0.98089,,,,
972,0.98089,0.98089,0.98089,,,,
973,0.98089,0.98089,0.98089,,,,
974,0.98089,0.98089,0.98089,,,,
975,0.98089,0.98089,0.98089,,,,
976,0.98089,0.98089,0.98089,,,,
977,0.98089,0.98089,0.98089,,,,
978,0.98089,0.98089,0.98089,,,,
979,0.98089,0.98089,0.98089,,,,
980,0.98089,0.98089,0.98089,,,,
981,0.98089,0.98089,0.98089,,,,
982,0.98089,0.98089,0.98089,,,,
983,0.98089,0.98089,0.98089,,,,
984,0.98089,0.98089,0.98089,,,,
985,0.98089,0.98089,0.98089,,,,
986,0.98089,0.98089,0.98089,,,,
987,0.98089,0.98089,0.98089,,,,
988,0.98089,0.98089,0.98089,,,,
989,0.98089,0.98089,0.98089,,,,
990,0.98089,0.98089,0.98089,,,,
991,0.98089,0.98089,0.98089,,,,
992,0.98089,0.98089,0.98089,,,,
993,0.98089,0.98089,0.98089,,,,
994,0.98089,0.98089,0.98089,,,,
995,0.98089,0.98089,0.98089,,,,
996,0.98089,0.98089,0.98089,,,,
997,0.98089,0.98089,0.98089,,,,
998,0.98089,0.98089,0.98089,,,,
999,0.98089,0.98089,0.98089,,,,
1000,0.98089,0.98089,0.98089,,,,
